Activity Type,Date,Favorite,Title,Distance,Calories,Time,Avg HR,Max HR,Aerobic TE,Avg Run Cadence,Max Run Cadence,Avg Pace,Best Pace,Total Ascent,Total Descent,Avg Stride Length,Avg Vertical Ratio,Avg Vertical Oscillation,Avg Ground Contact Time,Avg GAP,Normalized Power® (NP®),Training Stress Score®,Avg Power,Max Power,Min Temp,Decompression,Best Lap Time,Number of Laps,Max Temp,Moving Time,Elapsed Time,Min Elevation,Max Elevation
Treadmill Running,2024-11-19 08:52:27,false,"Treadmill Running","10.03","643","00:47:08","153","162","3.9","165","181","4:42","4:18","--","--","1.27","7.9","10.1","259","--","360","0.0","360","433","24.0","No","00:04:03.5","10","28.0","00:47:06","00:47:08","--","--"
Treadmill Running,2024-11-16 10:18:09,false,"Treadmill Running","12.55","813","00:59:51","153","163","4.2","165","180","4:46","4:28","--","--","1.24","8.0","9.9","260","--","351","0.0","350","398","24.0","No","00:00:50.5","13","29.0","00:59:44","00:59:51","--","--"
Treadmill Running,2024-11-14 08:38:23,false,"Treadmill Running","5.02","240","00:24:17","128","142","2.1","168","180","4:50","4:21","--","--","1.23","7.9","9.7","255","--","355","0.0","354","405","23.0","No","00:00:04.0","6","25.0","00:24:17","00:24:19","--","--"
Treadmill Running,2024-11-13 08:40:40,false,"Treadmill Running","7.27","483","00:36:13","150","162","3.6","164","179","4:59","4:32","--","--","1.22","8.1","9.9","262","--","348","0.0","346","403","24.0","No","00:01:22.2","8","28.0","00:36:09","00:36:13","--","--"
Treadmill Running,2024-11-09 12:57:24,false,"Treadmill Running","8.07","508","00:38:38","149","165","3.7","170","195","4:47","4:15","--","--","1.23","7.8","9.6","251","--","357","0.0","356","434","26.0","No","00:00:19.1","9","29.0","00:38:36","00:38:38","--","--"
Treadmill Running,2024-11-02 09:54:28,false,"Treadmill Running","5.71","355","00:27:25","150","169","3.3","163","180","4:48","4:33","--","--","1.21","8.1","9.8","262","--","342","0.0","333","400","26.0","No","00:01:36.0","6","29.0","00:26:33","00:27:25","--","--"
Running,2024-10-27 08:46:31,false,"Venice Running","21.18","1,313","01:46:40","145","173","5.0","172","191","5:02","3:58","46","50","1.15","7.9","9.0","251","5:02","353","0.0","349","469","--","No","00:01:00.0","22","--","01:46:36","01:46:40","-1","12"
Treadmill Running,2024-10-22 06:58:50,false,"Treadmill Running","7.00","447","00:35:04","153","167","3.5","165","179","5:01","4:39","--","--","1.21","8.1","9.8","261","--","346","0.0","343","376","25.0","No","00:04:55.5","7","29.0","00:34:52","00:35:04","--","--"
Treadmill Running,2024-10-20 06:37:01,false,"Treadmill Running","5.87","292","00:29:32","134","156","2.4","168","179","5:02","4:38","--","--","1.18","7.8","9.2","264","--","343","0.0","335","390","24.0","No","00:04:43.0","6","28.0","00:29:31","00:29:32","--","--"
Treadmill Running,2024-10-16 06:22:01,false,"Treadmill Running","5.05","313","00:25:42","147","166","3.0","162","181","5:05","4:30","--","--","1.21","8.1","9.9","269","--","342","0.0","337","394","27.0","No","00:00:19.0","6","29.0","00:25:40","00:25:42","--","--"
Treadmill Running,2024-10-14 15:50:02,false,"Treadmill Running","12.23","784","01:00:54","156","175","4.0","165","182","4:59","4:32","--","--","1.21","8.1","9.8","261","--","346","0.0","345","401","26.0","No","00:01:08.8","13","29.0","01:00:52","01:00:54","--","--"
Treadmill Running,2024-10-10 08:42:09,false,"Treadmill Running","8.01","536","00:39:53","160","173","3.9","167","178","4:59","4:22","--","--","1.22","7.9","9.7","260","--","347","0.0","344","414","25.0","No","00:00:04.8","9","29.0","00:39:36","00:39:53","--","--"
Treadmill Running,2024-10-08 16:21:26,false,"Treadmill Running","10.51","613","00:52:29","147","157","3.3","164","179","5:00","4:41","--","--","1.22","8.1","10.0","264","--","345","0.0","345","373","27.0","No","00:02:31.2","11","29.0","00:52:27","00:52:29","--","--"
Treadmill Running,2024-10-05 10:59:14,false,"Treadmill Running","8.86","541","00:47:54","149","168","3.6","155","233","5:24","4:37","--","--","1.19","8.0","9.5","276","--","330","0.0","313","417","26.0","No","00:04:44.1","9","29.0","00:46:53","00:47:54","--","--"
Treadmill Running,2024-10-04 10:14:27,false,"Treadmill Running","7.85","366","00:40:37","130","161","2.3","162","188","5:10","4:38","--","--","1.22","8.3","10.0","268","--","339","0.0","334","390","23.0","No","00:04:46.3","8","28.0","00:39:48","00:48:09","--","--"
Treadmill Running,2024-09-29 09:04:49,false,"Treadmill Running","5.41","281","00:27:05","136","141","2.2","164","177","5:00","4:16","--","--","1.22","8.1","9.9","264","--","344","0.0","344","423","24.0","No","00:02:02.6","6","28.0","00:27:03","00:27:05","--","--"
Treadmill Running,2024-09-28 10:31:54,false,"Treadmill Running","5.45","380","00:28:00","160","171","3.5","162","178","5:08","3:55","--","--","1.21","8.2","9.9","267","--","340","0.0","336","473","28.0","No","00:02:27.5","6","30.0","00:27:47","00:28:00","--","--"
Treadmill Running,2024-09-21 09:29:31,false,"Treadmill Running","5.01","299","00:25:25","145","166","3.0","163","178","5:04","4:41","--","--","1.21","8.0","9.7","262","--","342","0.0","335","371","26.0","No","00:00:04.7","6","29.0","00:25:23","00:25:43","--","--"
Treadmill Running,2024-09-07 08:15:30,false,"Treadmill Running","14.01","894","01:10:39","156","167","4.1","164","180","5:03","4:33","--","--","1.21","8.1","9.9","266","--","342","0.0","341","396","24.0","No","00:00:00.9","15","29.0","01:10:37","01:10:39","--","--"
Treadmill Running,2024-09-06 14:25:45,false,"Treadmill Running","6.60","396","00:32:37","148","156","3.0","168","180","4:56","4:27","--","--","1.21","8.0","9.6","255","--","347","0.0","345","403","29.0","No","00:03:01.6","7","33.0","00:32:31","00:33:33","--","--"
Treadmill Running,2024-09-04 07:39:00,false,"Treadmill Running","5.02","319","00:25:21","149","163","3.1","163","176","5:03","4:21","--","--","1.21","8.2","10.0","266","--","342","0.0","342","428","27.0","No","00:00:04.5","6","31.0","00:25:19","00:25:24","--","--"
Treadmill Running,2024-08-31 07:49:34,false,"Treadmill Running","12.16","746","01:00:20","151","163","3.7","167","250","4:58","4:13","--","--","1.21","8.1","9.8","259","--","347","0.0","346","430","24.0","No","00:00:45.9","13","29.0","01:00:17","01:00:20","--","--"
Treadmill Running,2024-08-28 06:55:57,false,"Treadmill Running","6.01","357","00:30:54","143","156","2.9","161","222","5:09","4:09","--","--","1.21","8.2","9.9","266","--","339","0.0","334","428","24.0","No","00:00:01.5","7","28.0","00:30:31","00:30:54","--","--"
Treadmill Running,2024-08-24 10:19:49,false,"Treadmill Running","6.23","375","00:31:21","146","158","3.0","164","180","5:02","4:26","--","--","1.21","8.1","9.8","262","--","345","0.0","341","402","26.0","No","00:01:32.4","7","28.0","00:31:06","00:31:21","--","--"
Treadmill Running,2024-08-20 07:56:25,false,"Treadmill Running","5.11","318","00:25:53","154","170","3.1","164","179","5:04","4:01","--","--","1.20","7.7","9.2","261","--","343","0.0","330","465","25.0","No","00:00:31.4","6","28.0","00:25:51","00:25:53","--","--"
Treadmill Running,2024-08-16 12:28:46,false,"Treadmill Running","14.04","938","01:10:21","164","177","4.6","165","188","5:01","3:39","--","--","1.21","7.9","9.6","258","--","348","0.0","341","499","28.0","No","00:00:35.9","15","34.0","01:09:44","01:10:21","--","--"
Treadmill Running,2024-08-13 07:40:37,false,"Treadmill Running","6.48","459","00:32:14","169","178","3.9","165","177","4:58","4:38","--","--","1.22","8.1","9.8","261","--","346","0.0","344","381","27.0","No","00:02:24.8","7","33.0","00:32:12","00:32:14","--","--"
Treadmill Running,2024-08-11 08:15:11,false,"Treadmill Running","5.65","428","00:32:32","164","183","3.5","154","178","5:46","4:17","--","--","1.12","8.0","8.9","302","--","320","0.0","289","424","26.0","No","00:03:01.9","6","29.0","00:32:13","00:33:43","--","--"
Treadmill Running,2024-08-10 10:04:01,false,"Treadmill Running","9.01","576","00:48:05","154","168","3.7","159","180","5:20","4:22","--","--","1.19","8.1","9.5","271","--","333","0.0","319","404","25.0","No","00:00:04.3","10","30.0","00:47:22","00:49:05","--","--"
Treadmill Running,2024-08-04 08:02:30,false,"Treadmill Running","5.12","365","00:30:00","155","176","3.1","153","240","5:52","3:42","--","--","1.11","7.8","8.6","304","--","317","0.0","281","502","24.0","No","00:00:33.0","6","31.0","00:29:38","00:30:00","--","--"
Treadmill Running,2024-08-03 09:49:33,false,"Treadmill Running","10.00","580","00:50:06","147","159","3.3","167","225","5:01","4:16","--","--","1.21","7.9","9.5","256","--","351","0.0","345","425","26.0","No","00:01:01.9","11","27.0","00:49:43","00:52:22","--","--"
Treadmill Running,2024-08-01 07:47:36,false,"Treadmill Running","5.01","328","00:25:52","158","171","3.2","160","187","5:10","4:04","--","--","1.22","7.5","9.1","246","--","350","0.0","323","425","25.0","No","00:00:01.5","6","30.0","00:24:38","00:25:52","--","--"
Treadmill Running,2024-07-31 07:12:23,false,"Treadmill Running","10.15","657","00:51:46","159","177","3.8","161","218","5:06","3:18","--","--","1.21","7.8","9.5","268","--","342","0.0","330","516","24.0","No","00:00:37.2","11","31.0","00:51:44","00:51:46","--","--"
Treadmill Running,2024-07-27 09:16:10,false,"Treadmill Running","10.11","596","00:49:59","147","163","3.3","165","180","4:57","4:31","--","--","1.23","8.1","9.9","261","--","349","0.0","348","390","24.0","No","00:00:32.5","11","29.0","00:49:57","00:49:59","--","--"
Treadmill Running,2024-07-23 06:51:19,false,"Treadmill Running","12.24","706","00:59:53","148","168","3.4","166","182","4:54","3:30","--","--","1.23","7.9","9.7","257","--","352","0.0","350","515","23.0","No","00:01:32.3","13","30.0","00:59:50","00:59:53","--","--"
Treadmill Running,2024-07-20 09:37:48,false,"Treadmill Running","10.01","551","00:50:38","141","166","3.3","162","176","5:04","4:18","--","--","1.22","8.1","10.0","270","--","344","0.0","341","416","26.0","No","00:00:01.4","11","29.0","00:50:29","00:50:38","--","--"
Treadmill Running,2024-07-16 06:31:00,false,"Treadmill Running","9.81","589","00:49:16","148","169","3.4","163","195","5:01","3:48","--","--","1.23","8.1","9.9","264","--","347","0.0","343","479","23.0","No","00:04:33.2","10","29.0","00:48:53","00:49:16","--","--"
Treadmill Running,2024-07-14 07:29:18,false,"Treadmill Running","7.01","476","00:36:33","158","175","3.5","160","178","5:13","4:29","--","--","1.20","8.1","9.6","279","--","339","0.0","326","404","23.0","No","00:00:02.9","8","30.0","00:36:25","00:36:33","--","--"
Treadmill Running,2024-07-13 10:08:31,false,"Treadmill Running","7.76","444","00:39:30","143","155","2.9","161","178","5:05","4:25","--","--","1.22","8.2","10.0","268","--","342","0.0","338","408","25.0","No","00:04:18.9","8","30.0","00:39:16","00:46:24","--","--"
Treadmill Running,2024-07-08 07:39:45,false,"Treadmill Running","5.14","343","00:25:16","160","177","3.3","166","183","4:55","4:19","--","--","1.23","8.0","9.8","259","--","351","0.0","349","408","24.0","No","00:00:40.4","6","30.0","00:25:14","00:25:16","--","--"
Treadmill Running,2024-07-06 09:15:54,false,"Treadmill Running","10.01","546","00:50:42","143","158","3.1","162","210","5:04","4:16","--","--","1.22","8.1","9.8","271","--","343","0.0","339","447","23.0","No","00:00:01.3","11","29.0","00:50:40","00:50:42","--","--"
Treadmill Running,2024-07-02 14:27:21,false,"Treadmill Running","6.07","407","00:30:19","159","169","3.6","163","179","4:59","4:21","--","--","1.23","8.1","10.0","264","--","346","0.0","344","423","25.0","No","00:00:22.3","7","30.0","00:30:16","00:30:19","--","--"
Treadmill Running,2024-06-29 15:28:38,false,"Treadmill Running","9.06","572","00:46:09","153","165","3.7","161","188","5:06","4:01","--","--","1.22","8.1","9.9","268","--","342","0.0","337","460","27.0","No","00:00:20.1","10","33.0","00:45:58","00:46:09","--","--"
Treadmill Running,2024-06-25 08:28:07,false,"Treadmill Running","6.18","436","00:31:16","165","172","3.8","161","171","5:03","4:49","--","--","1.23","8.2","10.1","269","--","343","0.0","341","380","24.0","No","00:00:58.5","7","31.0","00:31:15","00:31:16","--","--"
Treadmill Running,2024-06-22 10:04:17,false,"Treadmill Running","10.03","513","00:53:12","137","158","3.0","157","240","5:18","3:44","--","--","1.21","7.8","9.4","266","--","333","0.0","316","512","24.0","No","00:00:07.8","11","30.0","00:52:32","00:59:47","--","--"
Treadmill Running,2024-06-16 07:27:25,false,"Treadmill Running","5.07","360","00:25:16","168","191","3.8","164","248","4:59","4:05","--","--","1.23","8.0","9.9","264","--","351","0.0","346","450","24.0","No","00:00:35.7","6","31.0","00:25:06","00:25:16","--","--"
Treadmill Running,2024-06-14 09:00:58,false,"Treadmill Running","10.01","701","00:50:13","168","180","4.7","162","203","5:01","3:25","--","--","1.23","7.9","9.8","262","--","348","0.0","341","510","24.0","No","00:00:03.2","11","31.0","00:49:57","00:50:13","--","--"
Treadmill Running,2024-06-01 07:24:56,false,"Treadmill Running","10.03","592","00:49:15","149","168","3.6","166","176","4:55","4:10","--","--","1.23","8.0","9.8","258","--","351","0.0","349","438","22.0","No","00:00:04.9","11","27.0","00:49:08","00:49:20","--","--"
Treadmill Running,2024-05-25 10:29:27,false,"Treadmill Running","12.10","773","00:59:45","159","169","4.1","165","186","4:56","3:36","--","--","1.24","7.9","9.8","263","--","356","0.0","352","500","23.0","No","00:01:44.4","13","29.0","00:59:42","00:59:45","--","--"
Treadmill Running,2024-05-20 07:10:26,false,"Treadmill Running","5.58","368","00:29:31","154","178","3.1","158","233","5:17","3:16","--","--","1.20","7.8","9.2","269","--","347","0.0","319","513","22.0","No","00:02:30.3","6","29.0","00:29:03","00:29:31","--","--"
Treadmill Running,2024-05-18 10:24:03,false,"Treadmill Running","10.01","554","00:50:14","145","166","3.2","163","248","5:01","3:33","--","--","1.23","7.8","9.6","269","--","349","0.0","339","502","22.0","No","00:00:01.5","11","30.0","00:49:48","00:50:14","--","--"
Treadmill Running,2024-05-17 16:06:10,false,"Treadmill Running","7.22","476","00:35:33","159","169","3.7","163","178","4:56","4:29","--","--","1.25","8.1","10.1","263","--","352","0.0","351","396","24.0","No","00:01:03.0","8","31.0","00:35:31","00:35:33","--","--"
Treadmill Running,2024-05-15 07:34:33,false,"Treadmill Running","5.01","320","00:27:27","148","178","2.8","151","233","5:29","3:16","--","--","1.21","7.6","9.1","303","--","334","0.0","303","520","21.0","No","00:00:03.1","6","29.0","00:27:06","00:27:29","--","--"
Treadmill Running,2024-05-14 13:19:55,false,"Treadmill Running","10.04","638","00:52:22","154","173","3.6","159","180","5:13","4:22","--","--","1.19","7.9","9.5","277","--","341","0.0","324","405","23.0","No","00:00:18.1","11","29.0","00:52:20","00:52:22","--","--"
Treadmill Running,2024-05-04 09:56:24,false,"Treadmill Running","10.04","650","00:51:03","159","175","3.9","161","181","5:05","3:11","--","--","1.27","7.7","9.8","264","--","359","0.0","346","534","20.0","No","00:02:23.2","11","29.0","00:50:32","00:51:21","--","--"
Treadmill Running,2024-05-03 15:28:05,false,"Treadmill Running","5.00","341","00:24:49","164","177","3.5","158","181","4:58","3:55","--","--","1.23","8.2","10.0","280","--","339","0.0","333","466","25.0","No","00:03:48.0","5","32.0","00:24:39","00:25:15","--","--"
Treadmill Running,2024-04-29 10:51:48,false,"Treadmill Running","10.02","444","00:51:40","129","159","2.4","159","218","5:09","3:33","--","--","1.21","8.0","9.6","264","--","340","0.0","326","506","20.0","No","00:04:36.2","10","27.0","00:51:21","00:51:40","--","--"
Treadmill Running,2024-04-27 10:26:37,false,"Treadmill Running","10.02","540","00:52:03","139","160","3.1","160","180","5:12","3:37","--","--","1.30","7.9","10.3","268","--","371","0.0","361","502","19.0","No","00:04:30.6","11","29.0","00:51:46","00:52:03","--","--"
Treadmill Running,2024-04-22 11:57:35,false,"Treadmill Running","10.90","773","00:53:32","171","183","5.0","160","177","4:55","3:10","--","--","1.27","8.1","10.3","266","--","361","0.0","356","536","23.0","No","00:04:04.3","11","31.0","00:53:12","00:53:32","--","--"
Running,2024-04-17 19:59:31,false,"Running","10.02","681","00:53:12","140","166","4.0","159","181","5:19","3:42","32","35","1.17","8.2","9.5","276","5:17","343","0.0","331","516","--","No","00:00:03.9","11","--","00:53:09","00:53:14","4","18"
Running,2024-04-14 08:00:16,false,"Limassol Running","10.07","674","00:54:49","145","179","3.6","156","191","5:27","3:00","10","7","1.15","8.2","9.4","280","5:25","330","0.0","315","596","--","No","00:00:23.4","11","--","00:54:44","00:54:49","6","12"
Treadmill Running,2024-04-06 10:53:21,false,"Treadmill Running","10.00","642","00:51:58","161","175","4.3","156","183","5:12","3:12","--","--","1.23","7.9","9.7","264","--","354","0.0","330","534","22.0","No","00:04:36.1","10","27.0","00:51:29","00:51:58","--","--"
Treadmill Running,2024-04-05 11:17:10,false,"Treadmill Running","5.03","342","00:27:01","159","180","3.3","153","216","5:22","2:42","--","--","1.36","7.4","9.9","273","--","396","0.0","353","591","24.0","No","00:03:23.0","6","31.0","00:26:22","00:27:01","--","--"
Treadmill Running,2024-03-29 10:29:45,false,"Treadmill Running","7.52","389","00:40:27","139","166","3.0","146","225","5:23","3:02","--","--","1.44","7.1","10.1","272","--","407","0.0","354","551","23.0","No","00:02:53.4","9","29.0","00:38:45","00:40:27","--","--"
Treadmill Running,2024-03-25 08:38:33,false,"Treadmill Running","5.02","341","00:27:41","152","176","3.2","137","233","5:31","3:18","--","--","1.28","7.4","9.5","332","--","354","0.0","290","521","25.0","No","00:03:39.9","5","30.0","00:27:29","00:27:41","--","--"
Treadmill Running,2024-03-24 09:01:08,false,"Treadmill Running","5.12","339","00:35:08","134","178","2.6","124","167","6:52","3:24","--","--","1.17","6.8","8.0","360","--","280","0.0","211","528","25.0","No","00:00:28.1","6","27.0","00:34:41","00:35:08","--","--"
Treadmill Running,2024-03-16 11:31:22,false,"Treadmill Running","6.13","439","00:30:56","173","198","4.4","160","231","5:03","4:01","--","--","1.24","8.1","10.0","269","--","352","0.0","344","463","22.0","No","00:00:36.3","7","28.0","00:30:54","00:30:56","--","--"
Treadmill Running,2024-03-09 09:51:20,false,"Treadmill Running","10.04","616","00:55:02","156","200","4.3","152","195","5:29","2:59","--","--","1.26","7.9","9.9","286","--","360","0.0","331","557","22.0","No","00:03:41.1","11","28.0","00:54:41","00:55:02","--","--"
Treadmill Running,2024-03-02 09:16:00,false,"Treadmill Running","10.01","568","00:54:10","146","185","3.3","146","240","5:25","3:03","--","--","1.25","7.9","9.7","300","--","350","0.0","313","560","21.0","No","00:00:01.9","11","28.0","00:53:35","00:54:10","--","--"
Treadmill Running,2024-03-01 12:25:27,false,"Treadmill Running","5.03","376","00:26:28","172","184","3.8","151","203","5:16","3:04","--","--","1.26","8.1","10.1","276","--","353","0.0","326","553","22.0","No","00:00:09.6","6","29.0","00:26:06","00:26:28","--","--"
Treadmill Running,2024-02-24 09:46:25,false,"Treadmill Running","11.11","754","00:59:53","167","191","4.5","150","173","5:23","2:39","--","--","1.33","7.6","10.0","282","--","376","0.0","340","601","23.0","No","00:00:24.7","13","27.0","00:59:50","00:59:53","--","--"
Treadmill Running,2024-02-22 07:19:42,false,"Treadmill Running","5.06","374","00:28:30","161","193","3.5","142","195","5:38","3:10","--","--","1.23","7.8","9.5","321","--","345","0.0","296","545","26.0","No","00:00:13.9","6","29.0","00:28:16","00:28:30","--","--"
Treadmill Running,2024-02-17 07:31:34,false,"Treadmill Running","8.56","405","00:49:36","126","178","2.7","132","203","5:48","4:04","--","--","1.17","7.3","8.5","341","--","272","0.0","236","455","20.0","No","00:03:44.6","8","24.0","00:48:32","00:49:36","--","--"
Treadmill Running,2024-02-10 12:16:05,false,"Treadmill Running","5.14","307","00:33:36","132","166","2.4","133","240","6:32","3:23","--","--","1.16","8.1","9.3","369","--","275","0.0","250","531","26.0","No","00:00:41.7","6","27.0","00:32:41","00:34:41","--","--"
Treadmill Running,2024-02-03 09:07:12,false,"Treadmill Running","5.05","308","00:24:30","155","177","3.1","160","210","4:51","3:41","--","--","1.29","8.0","10.3","265","--","364","0.0","357","504","22.0","No","00:00:12.5","6","25.0","00:24:29","00:24:30","--","--"
Running,2024-01-06 08:33:45,false,"Running","6.96","252","00:18:50","164","186","3.2","153","183","2:42","4:11","20","55","1.12","8.5","9.5","291","5:43","315","0.0","301","467","--","No","00:00:29.5","7","--","00:18:48","00:18:50","153","196"
Treadmill Running,2023-11-19 16:45:08,false,"Treadmill Running","9.00","644","00:47:40","168","205","5.0","159","176","5:18","2:46","--","--","1.79","6.5","11.5","229","--","477","0.0","464","587","22.0","No","00:01:49.6","14","28.0","00:47:16","00:47:40","--","--"
Treadmill Running,2023-11-15 15:53:12,false,"Treadmill Running","5.38","389","00:26:33","171","188","4.1","161","176","4:56","4:11","--","--","1.26","8.2","10.3","267","--","355","0.0","353","443","22.0","No","00:01:44.9","6","29.0","00:26:31","00:26:33","--","--"
Treadmill Running,2023-11-11 10:36:34,false,"Treadmill Running","6.53","388","00:34:24","145","178","3.1","151","218","5:16","3:17","--","--","1.25","8.1","10.1","301","--","341","0.0","326","540","21.0","No","00:02:41.8","7","28.0","00:34:22","00:34:24","--","--"
Treadmill Running,2023-11-08 16:06:26,false,"Treadmill Running","7.05","442","00:35:12","152","173","3.4","157","180","4:59","3:04","--","--","1.28","8.1","10.3","274","--","358","0.0","349","550","24.0","No","00:00:13.1","8","30.0","00:34:55","00:35:37","--","--"
Treadmill Running,2023-11-03 12:20:56,false,"Treadmill Running","6.04","468","00:30:57","176","191","4.6","159","170","5:08","3:41","--","--","1.44","7.7","11.1","259","--","401","0.0","397","508","23.0","No","00:00:10.7","8","30.0","00:30:50","00:30:57","--","--"
Treadmill Running,2023-09-30 11:28:39,false,"Treadmill Running","5.58","319","00:26:07","150","189","3.0","150","250","4:41","2:35","--","--","1.44","7.1","10.1","277","--","401","0.0","359","615","23.0","No","00:02:29.7","6","30.0","00:25:02","00:26:07","--","--"
Running,2023-09-24 10:03:21,false,"Paris Running","16.17","1,196","01:29:15","163","194","5.0","159","188","5:31","2:51","225","125","1.11","8.2","9.1","278","5:22","348","0.0","334","659","--","No","00:01:01.4","17","--","01:29:13","01:29:15","26","174"
Treadmill Running,2023-09-17 09:53:33,false,"Treadmill Running","7.01","412","00:38:03","145","190","3.4","159","179","5:26","4:27","--","--","1.15","8.4","9.5","268","--","334","0.0","314","403","23.0","No","00:04:54.1","7","28.0","00:37:57","00:38:03","--","--"
Treadmill Running,2023-09-09 09:02:49,false,"Treadmill Running","16.20","1,050","01:25:13","163","182","5.0","161","240","5:16","3:14","--","--","1.30","7.8","10.0","266","--","375","0.0","359","530","25.0","No","00:04:20.4","18","30.0","01:24:54","01:25:13","--","--"
Treadmill Running,2023-09-05 07:29:34,false,"Treadmill Running","5.29","294","00:25:36","143","167","2.7","160","178","4:50","4:18","--","--","1.29","8.1","10.5","267","--","362","0.0","358","416","21.0","No","00:01:41.6","6","29.0","00:25:35","00:25:59","--","--"
Treadmill Running,2023-09-02 10:08:05,false,"Treadmill Running","12.63","757","01:04:54","155","181","4.1","157","233","5:08","4:18","--","--","1.23","8.1","9.9","282","--","351","0.0","334","424","22.0","No","00:03:19.4","13","29.0","01:04:39","01:04:54","--","--"
Treadmill Running,2023-08-19 08:31:36,false,"Treadmill Running","15.03","859","01:19:34","152","182","3.8","155","240","5:17","3:26","--","--","1.21","7.9","9.6","282","--","344","0.0","319","504","23.0","No","00:00:08.5","16","29.0","01:19:19","01:37:53","--","--"
Treadmill Running,2023-08-17 07:22:17,false,"Treadmill Running","5.02","315","00:26:29","149","175","3.1","156","195","5:16","3:34","--","--","1.45","7.5","10.8","268","--","412","0.0","392","500","23.0","No","00:00:09.7","7","29.0","00:26:22","00:26:33","--","--"
Treadmill Running,2023-08-12 11:44:01,false,"Treadmill Running","10.00","594","00:51:36","150","173","3.5","158","240","5:10","3:25","--","--","1.27","8.0","10.1","272","--","356","0.0","342","518","24.0","No","00:01:54.3","11","29.0","00:51:02","00:54:38","--","--"
Treadmill Running,2023-07-31 07:38:21,false,"ריצה בהליכון","5.87","376","00:28:45","158","173","3.5","157","173","4:54","4:25","--","--","1.32","8.2","10.8","273","--","359","0.0","355","394","24.0","No","00:04:11.3","6","29.0","00:28:35","00:28:45","--","--"
Treadmill Running,2023-07-08 12:14:17,false,"ריצה בהליכון","10.05","616","00:47:36","162","177","4.0","162","233","4:44","3:05","--","--","1.26","7.9","9.9","265","--","361","0.0","350","537","26.0","No","00:03:18.4","10","31.0","00:47:22","00:47:36","--","--"
Treadmill Running,2023-07-03 16:37:07,false,"ריצה בהליכון","5.25","336","00:25:29","160","180","3.4","161","210","4:51","4:28","--","--","1.28","7.9","10.1","261","--","360","0.0","353","402","25.0","No","00:01:08.5","6","32.0","00:25:28","00:25:29","--","--"
Treadmill Running,2023-07-01 10:23:01,false,"ריצה בהליכון","7.00","513","00:32:58","179","198","5.0","164","181","4:42","2:21","--","--","1.95","6.0","11.7","220","--","504","0.0","502","665","24.0","No","00:01:42.2","11","31.0","00:32:55","00:32:58","--","--"
Treadmill Running,2023-06-27 05:59:09,false,"ריצה בהליכון","6.17","369","00:30:19","144","160","3.2","163","182","4:55","4:32","--","--","1.25","8.0","10.0","262","--","354","0.0","350","400","26.0","No","00:01:14.4","7","29.0","00:30:18","00:30:19","--","--"
Treadmill Running,2023-06-24 09:32:48,false,"ריצה בהליכון","5.32","342","00:26:33","150","168","3.3","161","184","4:59","4:19","--","--","1.25","8.0","10.0","263","--","351","0.0","343","415","25.0","No","00:02:08.3","6","30.0","00:26:31","00:26:33","--","--"
Treadmill Running,2023-06-23 11:40:53,false,"ריצה בהליכון","6.39","394","00:31:03","149","165","3.3","164","174","4:51","4:17","--","--","1.26","8.0","10.0","259","--","357","0.0","354","428","25.0","No","00:01:55.0","7","31.0","00:30:53","00:31:03","--","--"
Treadmill Running,2023-06-17 10:06:30,false,"ריצה בהליכון","8.02","481","00:40:06","148","169","3.5","162","174","5:00","4:12","--","--","1.32","7.5","9.9","249","--","380","0.0","367","425","25.0","No","00:04:23.2","9","31.0","00:40:04","00:40:06","--","--"
Treadmill Running,2023-06-02 12:55:52,false,"ריצה בהליכון","10.00","566","00:46:53","147","164","3.7","162","203","4:41","4:03","--","--","1.31","--","--","--","--","377","0.0","365","441","24.0","No","00:04:24.6","10","32.0","00:46:36","00:46:53","--","--"
Treadmill Running,2023-05-27 11:28:03,false,"ריצה בהליכון","12.55","742","00:59:33","154","175","4.3","163","187","4:45","3:05","--","--","1.29","--","--","--","--","373","0.0","360","532","25.0","No","00:02:43.0","13","31.0","00:59:10","00:59:33","--","--"
Treadmill Running,2023-05-26 09:23:40,false,"ריצה בהליכון","7.50","453","00:35:54","154","178","3.8","163","181","4:47","3:52","--","--","1.33","--","--","--","--","388","0.0","371","476","23.0","No","00:04:17.1","8","29.0","00:35:46","00:35:54","--","--"
Treadmill Running,2023-05-21 07:27:23,false,"ריצה בהליכון","5.26","325","00:40:14","122","178","2.4","127","250","7:39","2:53","--","--","1.02","--","--","--","--","268","0.0","193","563","22.0","No","00:00:56.8","6","29.0","00:39:22","00:41:05","--","--"
Trail Running,2023-05-19 06:45:17,false,"ריצה בשביל","12.00","914","01:15:02","152","174","4.2","147","237","6:15","1:40","322","311","1.08","--","--","--","5:56","318","0.0","292","1,122","--","No","00:00:01.1","13","--","01:14:58","01:15:02","28","143"
Treadmill Running,2023-05-12 08:50:00,false,"ריצה בהליכון","5.19","271","00:25:24","140","164","3.0","158","185","4:53","3:11","--","--","1.28","--","--","--","--","381","0.0","337","517","26.0","No","00:01:42.4","6","30.0","00:24:52","00:25:29","--","--"
Treadmill Running,2023-05-06 12:35:12,false,"ריצה בהליכון","5.00","274","00:22:11","152","163","3.1","165","225","4:26","3:49","--","--","1.31","--","--","--","--","381","0.0","369","495","24.0","No","00:04:22.5","5","29.0","00:22:10","00:22:11","--","--"
Treadmill Running,2023-05-05 07:12:27,false,"ריצה בהליכון","10.01","532","00:46:28","144","158","3.3","163","180","4:39","3:35","--","--","1.32","--","--","--","--","377","0.0","368","497","24.0","No","00:00:01.9","11","29.0","00:46:08","00:46:36","--","--"
Treadmill Running,2023-04-29 10:48:32,false,"ריצה בהליכון","5.36","300","00:23:40","152","160","3.2","169","179","4:25","3:19","--","--","1.34","--","--","--","--","389","0.0","386","517","23.0","No","00:01:46.5","6","28.0","00:23:38","00:23:40","--","--"
Treadmill Running,2023-04-21 09:51:36,false,"ריצה בהליכון","14.60","838","01:10:00","152","166","4.2","166","218","4:48","2:59","--","--","1.32","--","--","--","--","383","0.0","374","549","23.0","No","00:01:38.1","16","27.0","01:09:51","01:10:06","--","--"
Treadmill Running,2023-04-15 11:29:51,false,"ריצה בהליכון","7.63","484","00:38:14","155","169","3.6","162","218","5:01","3:51","--","--","1.23","--","--","--","--","357","0.0","338","479","25.0","No","00:03:38.9","8","29.0","00:37:29","00:38:14","--","--"
Treadmill Running,2023-04-11 08:24:59,false,"ריצה בהליכון","12.70","753","01:00:01","155","175","4.1","167","240","4:44","2:48","--","--","1.44","--","--","--","--","418","0.0","412","577","24.0","No","00:02:25.1","15","28.0","00:59:58","01:00:01","--","--"
Treadmill Running,2023-04-05 10:27:21,false,"ריצה בהליכון","12.79","688","00:59:40","147","176","3.6","166","218","4:40","3:00","--","--","1.31","--","--","--","--","379","0.0","369","546","23.0","No","00:04:19.1","13","29.0","00:59:31","00:59:40","--","--"
Treadmill Running,2023-04-01 15:01:05,false,"ריצה בהליכון","6.22","340","00:29:19","143","154","3.1","165","178","4:43","4:01","--","--","1.29","--","--","--","--","372","0.0","365","443","23.0","No","00:01:02.0","7","29.0","00:29:10","00:29:19","--","--"
Treadmill Running,2023-03-25 13:50:21,false,"ריצה בהליכון","5.59","338","00:29:28","146","181","3.2","151","250","5:17","2:52","--","--","1.25","--","--","--","--","356","0.0","319","545","22.0","No","00:02:36.7","6","28.0","00:28:57","00:29:29","--","--"
Treadmill Running,2023-03-24 14:42:26,false,"ריצה בהליכון","12.74","799","01:00:01","165","178","5.0","163","186","4:43","2:53","--","--","1.30","--","--","--","--","372","0.0","364","558","--","No","00:03:27.6","13","--","00:59:58","01:00:01","--","--"
Treadmill Running,2023-03-22 15:58:34,false,"ריצה בהליכון","5.51","308","00:25:53","145","170","3.1","163","240","4:42","4:18","--","--","1.29","--","--","--","--","366","0.0","362","419","--","No","00:02:06.6","6","--","00:25:52","00:25:53","--","--"
Treadmill Running,2023-03-18 12:21:28,false,"ריצה בהליכון","10.05","615","00:48:15","154","176","4.1","163","189","4:48","2:27","--","--","1.40","--","--","--","--","400","0.0","394","631","--","No","00:00:12.5","12","--","00:48:05","00:48:16","--","--"
Treadmill Running,2023-03-17 11:35:59,false,"ריצה בהליכון","6.04","371","00:29:07","159","189","3.6","157","181","4:49","3:16","--","--","1.31","--","--","--","--","383","0.0","352","535","--","No","00:00:09.2","7","--","00:28:57","00:29:07","--","--"
Treadmill Running,2023-03-10 07:36:17,false,"ריצה בהליכון","6.00","323","00:32:03","135","161","2.7","147","248","5:20","2:54","--","--","1.27","--","--","--","--","360","0.0","319","525","--","No","00:00:01.4","7","--","00:30:03","00:32:03","--","--"
Treadmill Running,2023-03-08 12:10:09,false,"ריצה בהליכון","5.00","260","00:25:26","135","173","2.6","150","240","5:05","3:18","--","--","1.25","--","--","--","--","345","0.0","317","546","--","No","00:03:45.0","5","--","00:25:24","00:25:26","--","--"
Treadmill Running,2023-03-03 12:17:10,false,"ריצה בהליכון","8.01","433","00:38:54","142","171","3.2","162","240","4:51","4:04","--","--","1.24","--","--","--","--","358","0.0","345","438","--","No","00:04:03.2","8","--","00:38:45","00:38:54","--","--"
Treadmill Running,2023-02-26 06:46:47,false,"ריצה בהליכון","10.01","588","00:48:13","151","170","3.8","165","250","4:49","2:53","--","--","1.33","--","--","--","--","385","0.0","374","566","--","No","00:02:29.6","11","--","00:48:03","00:50:14","--","--"
Treadmill Running,2023-02-23 07:51:00,false,"ריצה בהליכון","7.53","435","00:35:41","151","197","3.4","161","181","4:44","3:16","--","--","1.25","--","--","--","--","364","0.0","346","526","--","No","00:01:36.5","8","--","00:35:22","00:39:45","--","--"
Treadmill Running,2023-02-18 09:36:18,false,"ריצה בהליכון","12.01","714","00:57:26","157","179","4.3","164","231","4:47","3:07","--","--","1.24","--","--","--","--","358","0.0","350","539","--","No","00:03:02.5","12","--","00:57:22","00:57:26","--","--"
Treadmill Running,2023-02-11 10:32:12,false,"ריצה בהליכון","10.04","560","00:47:44","146","169","3.4","167","233","4:45","3:03","--","--","1.26","--","--","--","--","366","0.0","360","554","--","No","00:00:11.3","11","--","00:47:14","00:47:46","--","--"
Treadmill Running,2023-02-06 09:13:37,false,"ריצה בהליכון","10.56","613","00:50:16","152","180","3.7","166","210","4:46","3:08","--","--","1.26","--","--","--","--","367","0.0","357","530","--","No","00:02:35.9","11","--","00:49:48","00:50:16","--","--"
Treadmill Running,2023-02-02 06:41:03,false,"ריצה בהליכון","10.02","583","00:49:24","150","177","3.6","164","218","4:56","2:46","--","--","1.32","--","--","--","--","385","0.0","371","571","--","No","00:03:38.2","11","--","00:49:00","00:49:24","--","--"
Treadmill Running,2023-01-30 14:45:34,false,"ריצה בהליכון","6.17","376","00:29:23","159","197","3.6","159","181","4:46","3:18","--","--","1.24","--","--","--","--","360","0.0","335","538","--","No","00:03:46.8","6","--","00:29:19","00:29:23","--","--"
Treadmill Running,2023-01-28 10:45:39,false,"ריצה בהליכון","10.04","559","00:47:17","149","176","3.5","165","214","4:43","3:06","--","--","1.26","--","--","--","--","365","0.0","358","543","--","No","00:04:34.7","10","--","00:47:15","00:48:30","--","--"
Treadmill Running,2023-01-24 09:18:06,false,"ריצה בהליכון","5.00","289","00:21:43","157","193","3.5","165","218","4:21","3:44","--","--","1.28","--","--","--","--","371","0.0","360","495","--","No","00:02:59.0","5","--","00:21:40","00:21:43","--","--"
Treadmill Running,2023-01-21 09:21:40,false,"ריצה בהליכון","10.12","627","00:47:15","162","183","4.4","165","189","4:40","2:52","--","--","1.30","--","--","--","--","376","0.0","369","564","--","No","00:00:47.3","11","--","00:47:13","00:47:15","--","--"
Treadmill Running,2023-01-16 08:40:03,false,"ריצה בהליכון","6.51","424","00:36:53","151","184","3.4","151","218","5:40","3:07","--","--","1.16","--","--","--","--","335","0.0","292","541","--","No","00:03:22.7","7","--","00:36:52","00:36:53","--","--"
Treadmill Running,2023-01-14 12:58:21,false,"ריצה בהליכון","10.10","592","00:47:02","154","187","4.0","164","181","4:39","2:50","--","--","1.34","--","--","--","--","383","0.0","378","572","--","No","00:01:19.8","11","--","00:46:56","00:47:02","--","--"
Running,2023-01-07 10:00:37,false,"ריצה","5.01","346","00:25:24","142","164","3.5","162","196","5:04","3:52","37","44","1.22","--","--","--","5:04","352","0.0","345","618","--","No","00:00:02.0","6","--","00:25:22","00:31:57","195","208"
Treadmill Running,2023-01-03 07:44:17,false,"ריצה בהליכון","5.04","312","00:32:33","134","193","3.0","137","248","6:28","3:12","--","--","1.12","--","--","--","--","296","0.0","243","532","--","No","00:00:09.6","6","--","00:32:05","00:32:33","--","--"
Treadmill Running,2022-12-31 09:56:03,false,"ריצה בהליכון","10.00","581","00:47:41","153","178","3.7","163","181","4:46","2:56","--","--","1.28","--","--","--","--","367","0.0","358","556","--","No","00:04:13.1","10","--","00:47:29","00:47:41","--","--"
Treadmill Running,2022-12-27 07:33:33,false,"ריצה בהליכון","10.03","539","00:47:58","146","173","3.2","163","185","4:47","2:53","--","--","1.29","--","--","--","--","366","0.0","359","558","--","No","00:00:14.5","11","--","00:47:56","00:49:36","--","--"
Treadmill Running,2022-12-20 07:11:07,false,"ריצה בהליכון","10.08","577","00:48:44","151","182","3.6","160","218","4:50","2:57","--","--","1.29","--","--","--","--","367","0.0","355","572","--","No","00:00:23.4","11","--","00:48:39","00:48:48","--","--"
Treadmill Running,2022-12-10 10:39:28,false,"ריצה בהליכון","5.16","291","00:25:35","145","180","3.0","158","195","4:57","3:04","--","--","1.28","--","--","--","--","361","0.0","342","549","--","No","00:00:42.6","6","--","00:25:34","00:25:35","--","--"
Treadmill Running,2022-12-09 14:46:09,false,"ריצה בהליכון","5.61","354","00:27:57","155","182","3.4","156","218","4:59","3:08","--","--","1.29","--","--","--","--","361","0.0","346","541","--","No","00:02:47.7","6","--","00:27:56","00:27:57","--","--"
Treadmill Running,2022-12-05 07:44:16,false,"ריצה בהליכון","5.87","341","00:34:44","135","177","2.8","143","243","5:55","3:10","--","--","1.17","--","--","--","--","318","0.0","275","540","--","No","00:04:12.9","6","--","00:34:43","00:35:42","--","--"
Treadmill Running,2022-12-03 09:49:15,false,"ריצה בהליכון","10.01","546","00:50:12","146","191","3.4","158","188","5:01","2:43","--","--","1.29","--","--","--","--","366","0.0","347","581","--","No","00:01:49.3","11","--","00:49:46","00:53:23","--","--"
Treadmill Running,2022-11-28 07:20:47,false,"ריצה בהליכון","5.26","302","00:26:19","145","160","3.0","163","180","5:00","4:30","--","--","1.23","--","--","--","--","350","0.0","340","398","--","No","00:01:16.2","6","--","00:26:11","00:32:42","--","--"
Treadmill Running,2022-11-26 10:37:16,false,"ריצה בהליכון","5.17","287","00:25:43","141","154","2.6","162","174","4:59","4:38","--","--","1.24","--","--","--","--","349","0.0","347","395","--","No","00:00:48.9","6","--","00:25:38","00:30:32","--","--"
Treadmill Running,2022-11-21 07:21:14,false,"ריצה בהליכון","6.21","341","00:30:38","141","165","2.9","162","178","4:56","3:35","--","--","1.25","--","--","--","--","--","0.0","--","--","--","No","00:01:01.2","7","--","00:30:30","00:30:38","--","--"
Running,2022-10-02 08:30:21,false,"Runnymede ריצה","10.37","728","00:51:14","143","157","5.0","168","196","4:56","3:36","17","26","1.21","--","--","--","5:05","--","0.0","--","--","--","No","00:02:03.2","11","--","00:51:10","00:51:22","9","20"
Running,2022-09-24 18:26:19,false,"ריצה","5.83","426","00:31:29","145","174","3.9","158","267","5:24","4:16","15","38","1.17","--","--","--","5:27","--","0.0","--","--","--","No","00:04:40.2","6","--","00:31:15","00:34:20","9","20"
Treadmill Running,2022-09-17 11:46:15,false,"ריצה בהליכון","10.41","586","00:49:08","153","181","3.7","159","188","4:43","3:14","--","--","1.32","--","--","--","--","--","0.0","--","--","--","No","00:03:37.4","11","--","00:48:54","00:53:47","--","--"
Treadmill Running,2022-09-12 18:39:43,false,"ריצה בהליכון","5.24","299","00:23:44","156","183","3.3","160","178","4:32","3:33","--","--","1.37","--","--","--","--","--","0.0","--","--","--","No","00:01:08.1","6","--","00:23:43","00:24:30","--","--"
Treadmill Running,2022-09-04 09:11:37,false,"ריצה בהליכון","6.01","343","00:31:23","145","172","3.1","149","178","5:13","3:24","--","--","1.27","--","--","--","--","--","0.0","--","--","--","No","00:00:04.4","7","--","--:--:--","00:32:46","--","--"
Treadmill Running,2022-07-16 09:07:18,false,"ריצה בהליכון","10.00","579","00:48:45","155","185","3.7","160","186","4:52","2:30","--","--","1.28","--","--","--","--","--","0.0","--","--","27.0","No","00:00:01.5","11","29.0","00:48:42","00:51:26","--","--"
Treadmill Running,2022-07-09 10:59:32,false,"ריצה בהליכון","6.26","379","00:29:35","161","179","3.7","162","182","4:43","3:09","--","--","1.30","--","--","--","--","--","0.0","--","--","27.0","No","00:02:04.5","7","32.0","00:29:32","00:29:35","--","--"
Treadmill Running,2022-06-25 10:16:22,false,"ריצה בהליכון","5.96","310","00:28:13","145","164","3.0","159","188","4:44","3:39","--","--","1.32","--","--","--","--","--","0.0","--","--","27.0","No","00:04:14.9","6","31.0","00:28:12","00:28:13","--","--"
Running,2022-05-13 02:18:42,false,"ריצה","10.02","632","01:38:12","112","154","1.7","111","226","9:48","4:05","35","12","0.91","--","--","--","--","--","0.0","--","--","14.0","No","00:00:14.1","11","26.0","01:37:36","01:38:12","381","408"
Running,2022-05-12 21:36:12,false,"ריצה","9.03","591","00:57:57","145","170","3.2","153","188","6:25","3:23","49","117","1.02","--","--","--","--","--","0.0","--","--","22.0","No","00:00:19.4","10","27.0","00:57:13","00:58:48","504","591"
Running,2022-05-12 15:30:17,false,"ריצה","12.12","890","01:11:41","160","178","4.4","153","180","5:55","4:15","65","140","1.11","--","--","--","--","--","0.0","--","--","32.0","No","00:00:35.8","13","35.0","01:11:26","01:11:42","362","441"
Treadmill Running,2022-05-07 13:19:41,false,"ריצה בהליכון","10.10","502","00:45:10","146","175","3.3","163","186","4:28","2:41","--","--","1.37","--","--","--","--","--","0.0","--","--","27.0","No","00:00:29.0","11","30.0","00:44:56","00:48:28","--","--"
Treadmill Running,2022-05-01 19:00:44,false,"ריצה בהליכון","5.46","272","00:25:08","143","162","2.8","158","176","4:36","2:51","--","--","1.36","--","--","--","--","--","0.0","--","--","25.0","No","00:02:07.9","6","27.0","00:24:59","00:25:08","--","--"
Treadmill Running,2022-04-30 12:00:00,false,"ריצה בהליכון","6.01","324","00:27:34","148","174","3.0","157","184","4:35","3:33","--","--","1.17","--","--","--","--","--","0.0","--","--","24.0","No","00:01:07.0","6","30.0","00:27:02","00:30:53","--","--"
Running,2022-04-16 07:47:37,false,"Barcelona ריצה","8.87","551","01:00:01","137","155","2.5","147","232","6:46","2:11","38","41","1.01","--","--","--","--","--","0.0","--","--","22.0","No","00:04:53.8","9","29.0","00:59:31","01:00:01","335","369"
Treadmill Running,2022-04-13 08:25:46,false,"ריצה בהליכון","8.00","431","00:40:03","147","179","3.3","158","193","5:00","3:16","--","--","1.32","--","--","--","--","--","0.0","--","--","25.0","No","00:02:31.2","9","28.0","00:39:01","00:40:03","--","--"
Treadmill Running,2022-04-09 10:46:40,false,"ריצה בהליכון","10.03","517","00:47:17","149","167","3.4","160","186","4:43","3:15","--","--","1.32","--","--","--","--","--","0.0","--","--","25.0","No","00:00:09.5","11","29.0","00:46:59","00:53:36","--","--"
Treadmill Running,2022-04-06 19:17:16,false,"ריצה בהליכון","5.22","264","00:22:42","147","168","3.0","160","180","4:21","3:31","--","--","1.44","--","--","--","--","--","0.0","--","--","26.0","No","00:01:36.4","6","29.0","00:22:07","00:23:30","--","--"
Treadmill Running,2022-04-04 20:22:00,false,"ריצה בהליכון","5.03","271","00:23:09","149","168","3.0","157","188","4:36","2:22","--","--","1.38","--","--","--","--","--","0.0","--","--","26.0","No","00:00:04.4","6","28.0","00:22:48","00:23:09","--","--"
Treadmill Running,2022-04-03 19:40:53,false,"ריצה בהליכון","5.75","321","00:27:27","151","172","3.3","156","183","4:47","3:13","--","--","1.33","--","--","--","--","--","0.0","--","--","27.0","No","00:04:15.9","6","31.0","00:27:06","00:27:27","--","--"
Treadmill Running,2022-04-01 09:52:02,false,"ריצה בהליכון","8.00","404","00:37:20","143","163","3.0","161","186","4:40","3:16","--","--","1.32","--","--","--","--","--","0.0","--","--","25.0","No","00:00:02.7","9","29.0","00:37:00","00:40:41","--","--"
Treadmill Running,2022-03-19 12:11:58,false,"ריצה בהליכון","5.86","313","00:27:23","146","167","3.1","165","183","4:40","3:18","--","--","1.52","--","--","--","--","--","0.0","--","--","23.0","No","00:03:42.3","7","28.0","00:27:14","00:27:23","--","--"
Treadmill Running,2022-03-12 10:58:38,false,"ריצה בהליכון","5.00","280","00:23:30","152","166","3.1","164","186","4:42","3:38","--","--","1.29","--","--","--","--","--","0.0","--","--","23.0","No","00:04:27.5","5","27.0","00:23:07","00:23:30","--","--"
Treadmill Running,2022-03-07 19:59:51,false,"ריצה בהליכון","10.02","521","00:45:21","151","181","3.5","163","188","4:32","3:03","--","--","1.35","--","--","--","--","--","0.0","--","--","24.0","No","00:03:55.1","10","29.0","00:44:58","00:45:21","--","--"
Treadmill Running,2022-03-05 14:19:04,false,"ריצה בהליכון","9.80","503","00:44:45","150","181","3.6","165","180","4:34","3:17","--","--","1.32","--","--","--","--","--","0.0","--","--","24.0","No","00:04:12.5","10","29.0","00:44:27","00:44:45","--","--"
Treadmill Running,2022-02-28 20:58:57,false,"ריצה בהליכון","10.19","585","00:49:21","157","179","4.0","159","184","4:51","3:18","--","--","1.29","--","--","--","--","--","0.0","--","--","26.0","No","00:02:22.6","11","30.0","00:48:58","00:49:21","--","--"
Treadmill Running,2022-02-26 10:47:26,false,"ריצה בהליכון","7.01","388","00:33:23","152","169","3.3","161","196","4:46","3:39","--","--","1.30","--","--","--","--","--","0.0","--","--","24.0","No","00:00:18.6","8","29.0","00:32:56","00:33:23","--","--"
Treadmill Running,2022-02-25 11:08:50,false,"ריצה בהליכון","7.51","419","00:34:47","154","176","3.6","165","186","4:38","3:13","--","--","1.55","--","--","--","--","--","0.0","--","--","23.0","No","00:03:17.8","9","27.0","00:34:38","00:34:47","--","--"
Treadmill Running,2022-02-19 14:24:12,false,"ריצה בהליכון","10.14","549","00:47:18","151","180","3.8","161","180","4:40","3:23","--","--","1.33","--","--","--","--","--","0.0","--","--","24.0","No","00:00:42.2","11","29.0","00:46:42","00:47:18","--","--"
Treadmill Running,2022-02-17 17:32:16,false,"ריצה בהליכון","7.50","407","00:36:08","152","177","3.5","158","182","4:49","3:31","--","--","1.44","--","--","--","--","--","0.0","--","--","26.0","No","00:01:10.8","9","29.0","00:35:47","00:36:08","--","--"
Treadmill Running,2022-02-15 14:06:56,false,"ריצה בהליכון","5.62","242","00:24:24","137","153","2.4","160","176","4:21","3:50","--","--","1.43","--","--","--","--","--","0.0","--","--","25.0","No","00:03:49.6","6","27.0","00:24:24","00:28:43","--","--"
Treadmill Running,2022-02-12 10:30:17,false,"ריצה בהליכון","10.10","583","00:49:18","156","179","3.9","161","180","4:53","3:03","--","--","1.34","--","--","--","--","--","0.0","--","--","24.0","No","00:03:55.8","11","29.0","00:49:15","00:49:18","--","--"
Treadmill Running,2022-02-09 20:36:34,false,"ריצה בהליכון","7.01","356","00:31:40","146","167","3.1","162","182","4:31","3:25","--","--","1.40","--","--","--","--","--","0.0","--","--","24.0","No","00:00:54.9","8","28.0","00:31:38","00:31:40","--","--"
Treadmill Running,2022-02-07 18:53:18,false,"ריצה בהליכון","6.16","324","00:27:22","153","177","3.6","162","177","4:27","3:49","--","--","1.39","--","--","--","--","--","0.0","--","--","25.0","No","00:01:02.9","7","28.0","00:27:20","00:27:22","--","--"
Treadmill Running,2022-02-05 12:29:02,false,"ריצה בהליכון","7.47","399","00:33:55","153","178","3.7","161","184","4:32","2:58","--","--","1.37","--","--","--","--","--","0.0","--","--","24.0","No","00:03:05.4","8","29.0","00:33:19","00:36:58","--","--"
Treadmill Running,2022-01-30 17:40:33,false,"ריצה בהליכון","5.14","281","00:23:56","153","177","3.4","155","178","4:39","3:49","--","--","1.38","--","--","--","--","--","0.0","--","--","25.0","No","00:00:54.1","6","27.0","00:23:01","00:23:58","--","--"
Treadmill Running,2022-01-25 18:08:35,false,"ריצה בהליכון","6.00","273","00:26:31","140","157","2.9","162","181","4:25","3:41","--","--","1.48","--","--","--","--","--","0.0","--","--","25.0","No","00:01:31.2","7","28.0","00:26:18","00:26:31","--","--"
Treadmill Running,2022-01-22 08:40:18,false,"ריצה בהליכון","6.80","298","00:29:26","139","156","3.0","164","177","4:20","3:33","--","--","1.41","--","--","--","--","--","0.0","--","--","22.0","No","00:03:26.9","7","26.0","00:29:17","00:29:26","--","--"
Treadmill Running,2022-01-15 10:30:14,false,"ריצה בהליכון","5.63","284","00:24:52","149","183","3.3","165","187","4:25","3:44","--","--","1.37","--","--","--","--","--","0.0","--","--","23.0","No","00:02:43.8","6","27.0","00:24:46","00:24:52","--","--"
Treadmill Running,2021-12-24 10:22:45,false,"ריצה בהליכון","6.33","312","00:30:24","142","164","3.1","156","173","4:48","4:09","--","--","1.33","--","--","--","--","--","0.0","--","--","23.0","No","00:01:59.5","7","26.0","00:30:09","00:30:24","--","--"
Treadmill Running,2021-12-06 16:12:24,false,"ריצה בהליכון","6.01","312","00:26:51","151","174","3.3","163","180","4:28","2:57","--","--","1.55","--","--","--","--","--","0.0","--","--","24.0","No","00:03:14.7","7","27.0","00:26:41","00:26:51","--","--"
Treadmill Running,2021-12-03 12:14:50,false,"ריצה בהליכון","7.03","374","00:33:04","149","165","3.4","161","186","4:42","3:16","--","--","1.36","--","--","--","--","--","0.0","--","--","24.0","No","00:02:38.5","8","28.0","00:32:24","00:33:04","--","--"
Treadmill Running,2021-11-27 13:02:18,false,"ריצה בהליכון","10.06","550","00:47:48","154","184","4.1","164","234","4:45","2:32","--","--","1.41","--","--","--","--","--","0.0","--","--","24.0","No","00:00:14.1","12","29.0","00:47:07","00:47:48","--","--"
Treadmill Running,2021-11-26 11:52:59,false,"ריצה בהליכון","5.82","298","00:25:07","153","172","3.4","165","176","4:19","3:30","--","--","1.40","--","--","--","--","--","0.0","--","--","24.0","No","00:03:27.9","6","27.0","00:25:06","00:25:07","--","--"
Treadmill Running,2021-11-21 19:51:00,false,"ריצה בהליכון","5.01","256","00:23:22","145","168","3.0","164","186","4:40","3:00","--","--","1.29","--","--","--","--","--","0.0","--","--","24.0","No","00:04:27.5","5","26.0","00:22:27","00:30:19","--","--"
Treadmill Running,2021-11-20 14:01:48,false,"ריצה בהליכון","9.20","519","00:47:04","149","171","3.6","157","196","5:07","2:30","--","--","1.55","--","--","--","--","--","0.0","--","--","25.0","No","00:02:39.1","12","28.0","00:45:56","00:47:04","--","--"
Treadmill Running,2021-11-16 15:27:56,false,"ריצה בהליכון","5.55","202","00:26:44","123","161","2.2","142","188","4:49","3:04","--","--","1.24","--","--","--","--","--","0.0","--","--","25.0","No","00:03:19.0","5","28.0","00:25:46","00:26:44","--","--"
Running,2021-11-12 12:39:47,false,"ריצה","5.39","367","00:36:04","143","164","3.1","150","186","6:41","4:24","18","40","0.99","--","--","--","--","--","0.0","--","--","26.0","No","00:01:56.0","6","29.0","00:35:46","00:36:04","261","270"
Running,2021-11-04 20:39:47,false,"ריצה","9.99","612","00:49:55","161","184","5.0","159","190","5:00","3:04","54","62","1.26","--","--","--","--","--","0.0","--","--","25.0","No","00:04:02.0","10","30.0","00:49:52","00:50:02","-22","7"
Treadmill Running,2021-11-03 18:31:41,false,"ריצה בהליכון","5.00","236","00:23:25","140","158","2.7","149","180","4:41","2:41","--","--","1.50","--","--","--","--","--","0.0","--","--","26.0","No","00:01:55.7","6","28.0","00:21:57","00:23:28","--","--"
Treadmill Running,2021-10-29 15:21:10,false,"ריצה בהליכון","5.53","241","00:22:53","143","162","2.7","155","180","4:08","3:03","--","--","1.53","--","--","--","--","--","0.0","--","--","26.0","No","00:02:00.3","6","31.0","00:22:05","00:22:53","--","--"
Treadmill Running,2021-10-28 18:18:27,false,"ריצה בהליכון","6.02","320","00:26:46","158","184","3.6","161","176","4:27","3:40","--","--","1.39","--","--","--","--","--","0.0","--","--","25.0","No","00:00:08.7","7","28.0","00:26:17","00:29:23","--","--"
Treadmill Running,2021-10-23 12:07:29,false,"ריצה בהליכון","5.01","230","00:23:20","136","160","2.6","159","182","4:39","2:45","--","--","1.35","--","--","--","--","--","0.0","--","--","25.0","No","00:00:02.5","6","29.0","00:22:57","00:23:20","--","--"
Running,2021-09-23 19:35:59,false,"ריצה","10.07","540","00:48:23","151","169","4.0","167","206","4:48","2:21","43","45","1.24","--","--","--","--","--","0.0","--","--","26.0","No","00:00:24.8","11","32.0","00:48:17","00:48:23","-42","-2"
Treadmill Running,2021-09-18 09:56:23,false,"ריצה בהליכון","10.01","523","00:45:00","155","177","4.1","170","198","4:30","2:24","--","--","1.31","--","--","--","--","--","0.0","--","--","26.0","No","00:00:03.4","11","30.0","00:44:53","00:45:00","--","--"
Treadmill Running,2021-09-13 18:10:10,false,"ריצה בהליכון","5.28","255","00:23:39","145","162","3.0","168","177","4:29","2:39","--","--","1.87","--","--","--","--","--","0.0","--","--","28.0","No","00:01:36.6","8","30.0","00:23:30","00:23:39","--","--"
Running,2021-09-11 05:41:18,false,"ריצה","8.26","421","00:58:59","124","147","1.8","139","215","7:08","3:23","21","40","0.99","--","--","--","--","--","0.0","--","--","26.0","No","00:01:46.6","9","29.0","00:58:39","01:08:25","-130","-111"
Running,2021-09-04 06:15:08,false,"ריצה","7.01","363","00:34:12","146","170","3.1","163","186","4:53","2:50","18","46","1.26","--","--","--","--","--","0.0","--","--","26.0","No","00:00:01.6","8","30.0","00:34:09","00:37:13","-97","-76"
Treadmill Running,2021-09-03 10:04:20,false,"ריצה בהליכון","6.00","219","00:27:39","126","152","2.0","159","184","4:36","3:07","--","--","1.31","--","--","--","--","--","0.0","--","--","24.0","No","00:03:20.8","6","29.0","00:26:59","00:27:39","--","--"
Treadmill Running,2021-08-31 17:26:32,false,"ריצה בהליכון","5.62","281","00:25:05","149","168","3.0","165","175","4:28","3:52","--","--","1.36","--","--","--","--","--","0.0","--","--","27.0","No","00:03:02.6","6","31.0","00:25:04","00:25:05","--","--"
Treadmill Running,2021-08-26 18:13:31,false,"ריצה בהליכון","10.01","509","00:45:35","153","177","3.5","166","197","4:33","2:38","--","--","1.50","--","--","--","--","--","0.0","--","--","27.0","No","00:03:02.5","12","30.0","00:45:00","00:45:35","--","--"
Treadmill Running,2021-08-22 16:51:26,false,"ריצה בהליכון","5.28","274","00:23:46","155","168","3.1","167","182","4:30","3:40","--","--","1.33","--","--","--","--","--","0.0","--","--","28.0","No","00:01:09.9","6","31.0","00:23:44","00:23:46","--","--"
Treadmill Running,2021-08-21 11:15:36,false,"ריצה בהליכון","6.00","312","00:26:44","155","168","3.2","169","182","4:27","3:21","--","--","1.48","--","--","--","--","--","0.0","--","--","27.0","No","00:02:43.8","7","31.0","00:26:43","00:26:44","--","--"
Treadmill Running,2021-08-14 09:52:02,false,"ריצה בהליכון","10.00","530","00:44:45","158","187","4.0","171","190","4:28","3:20","--","--","1.30","--","--","--","--","--","0.0","--","--","26.0","No","00:04:07.5","10","31.0","00:44:43","00:44:45","--","--"
Treadmill Running,2021-08-11 18:22:47,false,"×¨××¦× ×××××××","8.01","425","00:36:03","158","173","3.5","170","182","4:30","3:43","--","--","1.37","--","--","--","--","--","0.0","--","--","26.0","No","00:02:13.8","9","30.0","00:35:47","00:36:03","--","--"
Treadmill Running,2021-08-10 19:00:55,false,"ריצה בהליכון","5.89","307","00:26:19","155","173","3.2","167","178","4:28","3:50","--","--","1.34","--","--","--","--","--","0.0","--","--","26.0","No","00:04:18.6","6","30.0","00:26:14","00:26:19","--","--"
Treadmill Running,2021-08-07 08:37:50,false,"ריצה בהליכון","6.87","360","00:29:36","162","181","3.5","173","190","4:19","3:43","--","--","1.34","--","--","--","--","--","0.0","--","--","25.0","No","00:03:55.6","7","29.0","00:29:28","00:29:36","--","--"
Treadmill Running,2021-08-05 20:07:30,false,"ריצה בהליכון","5.57","285","00:24:40","153","171","3.1","166","178","4:26","3:56","--","--","1.36","--","--","--","--","--","0.0","--","--","26.0","No","00:02:32.8","6","29.0","00:24:29","00:24:40","--","--"
Treadmill Running,2021-08-03 15:44:39,false,"ריצה בהליכון","6.17","320","00:26:13","162","181","3.4","169","180","4:15","3:50","--","--","1.39","--","--","--","--","--","0.0","--","--","29.0","No","00:00:43.2","7","32.0","00:26:13","00:26:13","--","--"
Treadmill Running,2021-08-02 08:17:12,false,"ריצה בהליכון","5.00","235","00:22:12","146","163","2.7","166","184","4:27","3:29","--","--","1.29","--","--","--","--","--","0.0","--","--","25.0","No","00:04:14.9","5","27.0","00:21:58","00:22:12","--","--"
Treadmill Running,2021-07-31 08:29:58,false,"ריצה בהליכון","10.04","462","00:44:47","146","164","3.1","170","184","4:28","3:19","--","--","1.32","--","--","--","--","--","0.0","--","--","25.0","No","00:00:41.1","11","29.0","00:44:28","00:45:05","--","--"
Treadmill Running,2021-07-28 15:24:49,false,"ריצה בהליכון","6.25","297","00:28:23","145","164","2.9","167","180","4:32","3:32","--","--","1.32","--","--","--","--","--","0.0","--","--","26.0","No","00:01:54.7","7","32.0","00:27:47","00:28:23","--","--"
Treadmill Running,2021-07-27 15:47:48,false,"ריצה בהליכון","6.00","299","00:27:57","147","162","2.9","164","178","4:40","3:59","--","--","1.27","--","--","--","--","--","0.0","--","--","25.0","No","00:04:14.1","6","30.0","00:27:44","00:27:57","--","--"
Treadmill Running,2021-07-26 15:27:55,false,"ריצה בהליכון","6.22","340","00:28:39","160","172","3.4","167","217","4:36","3:28","--","--","1.30","--","--","--","--","--","0.0","--","--","25.0","No","00:01:09.5","7","31.0","00:28:30","00:28:39","--","--"
Treadmill Running,2021-07-24 09:09:20,false,"ריצה בהליכון","9.87","532","00:46:35","156","174","3.7","168","181","4:43","3:40","--","--","1.26","--","--","--","--","--","0.0","--","--","25.0","No","00:03:52.5","10","29.0","00:46:34","00:46:35","--","--"
Treadmill Running,2021-07-22 15:30:41,false,"ריצה בהליכון","6.50","356","00:30:11","158","172","3.4","170","184","4:39","3:10","--","--","1.38","--","--","--","--","--","0.0","--","--","25.0","No","00:00:26.3","8","31.0","00:30:10","00:30:11","--","--"
Treadmill Running,2021-07-21 17:55:20,false,"ריצה בהליכון","5.14","241","00:22:01","148","163","2.8","167","180","4:17","4:01","--","--","1.28","--","--","--","--","--","0.0","--","--","23.0","No","00:03:45.7","5","30.0","00:21:35","00:22:01","--","--"
Treadmill Running,2021-07-20 09:51:30,false,"ריצה בהליכון","5.07","279","00:22:55","164","174","3.3","172","188","4:31","3:33","--","--","1.29","--","--","--","--","--","0.0","--","--","25.0","No","00:00:21.3","6","29.0","00:22:52","00:22:55","--","--"
Treadmill Running,2021-07-15 15:19:59,false,"ריצה בהליכון","7.40","405","00:35:32","155","171","3.4","165","183","4:48","3:14","--","--","1.58","--","--","--","--","--","0.0","--","--","25.0","No","00:01:16.9","10","33.0","00:35:12","00:35:32","--","--"
Treadmill Running,2021-07-13 09:35:20,false,"ריצה בהליכון","5.02","223","00:21:03","146","164","2.6","156","178","4:12","2:58","--","--","1.52","--","--","--","--","--","0.0","--","--","24.0","No","00:00:03.3","6","30.0","00:18:57","00:21:03","--","--"
Treadmill Running,2021-07-10 12:13:02,false,"ריצה בהליכון","10.02","522","00:46:19","157","179","3.6","164","178","4:37","3:26","--","--","1.32","--","--","--","--","--","0.0","--","--","25.0","No","00:00:02.9","11","33.0","00:45:25","00:46:19","--","--"
Treadmill Running,2021-07-07 20:20:52,false,"ריצה בהליכון","5.25","285","00:23:15","165","180","3.4","168","176","4:26","3:20","--","--","1.35","--","--","--","--","--","0.0","--","--","24.0","No","00:01:01.6","6","26.0","00:23:14","00:23:15","--","--"
Treadmill Running,2021-07-05 07:40:49,false,"ריצה בהליכון","9.01","457","00:40:40","159","184","4.0","164","181","4:31","3:01","--","--","1.35","--","--","--","--","--","0.0","--","--","24.0","No","00:00:05.8","10","29.0","00:39:57","00:40:40","--","--"
Treadmill Running,2021-07-02 07:32:47,false,"ריצה בהליכון","6.02","297","00:26:26","154","185","3.3","166","178","4:23","3:24","--","--","1.37","--","--","--","--","--","0.0","--","--","26.0","No","00:00:09.2","7","29.0","00:26:25","00:26:26","--","--"
Treadmill Running,2021-06-28 07:19:48,false,"ריצה בהליכון","6.05","292","00:26:37","151","166","3.1","167","176","4:24","3:23","--","--","1.36","--","--","--","--","--","0.0","--","--","25.0","No","00:00:12.9","7","29.0","00:26:36","00:26:37","--","--"
Treadmill Running,2021-06-25 07:38:46,false,"ריצה בהליכון","6.04","288","00:27:34","148","167","3.1","164","178","4:34","3:30","--","--","1.29","--","--","--","--","--","0.0","--","--","26.0","No","00:04:17.5","6","29.0","00:26:53","00:27:34","--","--"
Treadmill Running,2021-06-23 07:27:41,false,"ריצה בהליכון","6.01","303","00:27:15","152","169","3.2","167","182","4:32","2:46","--","--","1.36","--","--","--","--","--","0.0","--","--","25.0","No","00:00:59.0","7","29.0","00:26:53","00:27:15","--","--"
Treadmill Running,2021-06-21 15:34:02,false,"ריצה בהליכון","5.70","261","00:26:56","142","180","2.9","152","180","4:44","3:22","--","--","1.30","--","--","--","--","--","0.0","--","--","26.0","No","00:01:32.6","6","31.0","00:26:16","00:26:56","--","--"
Treadmill Running,2021-06-18 11:48:13,false,"ריצה בהליכון","10.07","504","00:47:42","149","172","3.7","161","177","4:44","3:22","--","--","1.31","--","--","--","--","--","0.0","--","--","26.0","No","00:01:06.6","11","30.0","00:47:29","00:47:42","--","--"
Treadmill Running,2021-06-16 20:29:36,false,"ריצה בהליכון","6.48","323","00:30:08","150","172","3.3","161","175","4:39","3:20","--","--","1.34","--","--","--","--","--","0.0","--","--","26.0","No","00:02:06.6","7","29.0","00:30:04","00:30:08","--","--"
Treadmill Running,2021-06-08 15:11:52,false,"ריצה בהליכון","5.72","274","00:25:56","147","165","3.1","160","176","4:32","3:36","--","--","1.38","--","--","--","--","--","0.0","--","--","25.0","No","00:03:28.6","6","31.0","00:25:31","00:25:56","--","--"
Treadmill Running,2021-06-07 08:08:23,false,"ריצה בהליכון","5.21","273","00:24:15","154","170","3.3","162","176","4:39","3:45","--","--","1.33","--","--","--","--","--","0.0","--","--","25.0","No","00:00:56.5","6","29.0","00:24:05","00:24:15","--","--"
Treadmill Running,2021-06-03 16:40:13,false,"ריצה בהליכון","6.14","298","00:28:18","149","161","3.1","161","176","4:37","3:02","--","--","1.34","--","--","--","--","--","0.0","--","--","25.0","No","00:00:38.9","7","31.0","00:28:09","00:28:23","--","--"
Treadmill Running,2021-06-02 15:39:41,false,"ריצה בהליכון","5.01","240","00:24:08","142","161","2.8","157","175","4:49","3:08","--","--","1.32","--","--","--","--","--","0.0","--","--","25.0","No","00:00:06.5","6","31.0","00:23:56","00:24:08","--","--"
Treadmill Running,2021-06-01 18:25:35,false,"ריצה בהליכון","5.20","240","00:23:38","143","161","2.9","165","175","4:33","3:20","--","--","1.27","--","--","--","--","--","0.0","--","--","26.0","No","00:04:18.7","5","29.0","00:23:37","00:23:38","--","--"
Treadmill Running,2021-05-27 19:15:18,false,"ריצה בהליכון","5.18","261","00:22:45","157","172","3.3","163","173","4:24","3:48","--","--","1.40","--","--","--","--","--","0.0","--","--","26.0","No","00:00:47.1","6","28.0","00:22:44","00:22:45","--","--"
Treadmill Running,2021-05-22 11:26:45,false,"ריצה בהליכון","10.04","536","00:47:20","160","185","4.1","156","176","4:43","3:28","--","--","1.35","--","--","--","--","--","0.0","--","--","26.0","No","00:00:13.7","11","29.0","00:46:13","00:47:20","--","--"
Treadmill Running,2021-05-18 19:13:54,false,"ריצה בהליכון","7.85","386","00:35:24","154","185","3.6","158","169","4:31","3:20","--","--","1.58","--","--","--","--","--","0.0","--","--","26.0","No","00:03:44.3","9","29.0","00:34:50","00:35:24","--","--"
Treadmill Running,2021-05-13 17:40:25,false,"ריצה בהליכון","10.26","535","00:47:48","158","177","3.9","156","173","4:40","2:57","--","--","1.37","--","--","--","--","--","0.0","--","--","27.0","No","00:02:34.9","11","30.0","00:47:03","00:47:48","--","--"
Treadmill Running,2021-05-08 11:24:27,false,"ריצה בהליכון","5.10","298","00:24:32","165","178","3.8","155","169","4:49","3:34","--","--","1.27","--","--","--","--","--","0.0","--","--","29.0","No","00:04:21.0","5","31.0","00:23:46","00:24:32","--","--"
Treadmill Running,2021-05-05 16:12:27,false,"ריצה בהליכון","10.01","496","00:49:46","148","171","4.0","154","169","4:58","2:57","--","--","1.35","--","--","--","--","--","0.0","--","--","26.0","No","00:03:40.2","11","32.0","00:49:03","00:49:46","--","--"
Treadmill Running,2021-05-01 13:40:46,false,"ריצה בהליכון","5.09","308","00:25:28","165","183","3.8","149","173","5:00","3:50","--","--","1.20","--","--","--","--","--","0.0","--","--","28.0","No","00:04:50.4","5","33.0","00:25:10","00:25:28","--","--"
Treadmill Running,2021-04-26 09:37:55,false,"ריצה בהליכון","10.05","602","00:48:51","164","177","4.6","156","175","4:52","3:10","--","--","1.30","--","--","--","--","--","0.0","--","--","26.0","No","00:00:26.0","11","29.0","00:48:30","00:49:42","--","--"
Treadmill Running,2021-04-23 13:11:15,false,"ריצה בהליכון","5.41","318","00:27:46","153","174","3.4","157","169","5:08","4:10","--","--","1.24","--","--","--","--","--","0.0","--","--","27.0","No","00:02:30.9","6","29.0","00:27:26","00:27:46","--","--"
Treadmill Running,2021-04-09 10:04:28,false,"ריצה בהליכון","6.56","348","00:37:19","142","167","3.1","149","244","5:42","3:31","--","--","1.17","--","--","--","--","--","0.0","--","--","25.0","No","00:02:34.3","7","28.0","00:36:18","00:37:19","--","--"
Treadmill Running,2021-04-06 16:46:55,false,"ריצה בהליכון","10.04","558","00:52:14","155","178","4.1","157","180","5:12","3:16","--","--","1.25","--","--","--","--","--","0.0","--","--","26.0","No","00:01:16.4","11","32.0","00:51:03","00:52:14","--","--"
Treadmill Running,2021-03-31 16:40:28,false,"ריצה בהליכון","5.03","264","00:25:32","144","170","3.2","149","171","5:05","2:53","--","--","1.43","--","--","--","--","--","0.0","--","--","27.0","No","00:02:31.6","6","29.0","00:24:57","00:25:34","--","--"
Treadmill Running,2021-03-30 17:20:47,false,"ריצה בהליכון","10.02","520","00:51:10","153","178","4.1","150","175","5:06","2:47","--","--","1.30","--","--","--","--","--","0.0","--","--","24.0","No","00:00:12.5","11","28.0","00:49:16","00:51:10","--","--"
Treadmill Running,2021-03-27 12:14:20,false,"ריצה בהליכון","10.07","565","00:53:24","156","185","5.0","150","184","5:18","2:41","--","--","1.40","--","--","--","--","--","0.0","--","--","24.0","No","00:02:49.8","12","27.0","00:52:39","00:53:24","--","--"
Treadmill Running,2021-03-25 17:20:29,false,"ריצה בהליכון","5.01","275","00:25:08","153","177","3.5","146","234","5:01","3:01","--","--","1.36","--","--","--","--","--","0.0","--","--","26.0","No","00:00:01.6","6","27.0","00:24:10","00:25:08","--","--"
Treadmill Running,2021-03-20 13:43:32,false,"ריצה בהליכון","5.04","253","00:23:43","151","180","3.3","151","173","4:42","3:01","--","--","1.40","--","--","--","--","--","0.0","--","--","27.0","No","00:00:07.2","6","29.0","00:23:36","00:23:43","--","--"
Treadmill Running,2020-09-17 16:21:13,false,"ריצה בהליכון","7.53","386","00:38:25","138","174","3.2","159","175","5:06","4:05","--","--","1.23","--","--","--","--","--","0.0","--","--","26.0","No","00:03:38.2","8","30.0","00:37:32","00:38:25","--","--"
Treadmill Running,2020-09-12 12:34:45,false,"ריצה בהליכון","5.01","260","00:23:53","144","159","2.7","162","180","4:46","3:20","--","--","1.29","--","--","--","--","--","0.0","--","--","23.0","No","00:00:01.6","6","31.0","00:23:26","00:27:45","--","--"
Treadmill Running,2020-09-11 14:34:02,false,"ריצה בהליכון","6.01","344","00:28:37","154","180","3.6","165","176","4:46","4:12","--","--","1.28","--","--","--","--","--","0.0","--","--","24.0","No","00:00:01.8","7","28.0","00:28:35","00:28:37","--","--"
Treadmill Running,2020-08-29 14:17:43,false,"ריצה בהליכון","10.02","575","00:46:01","160","181","4.3","166","182","4:36","3:17","--","--","1.37","--","--","--","--","--","0.0","--","--","27.0","No","00:02:07.0","11","33.0","00:45:59","00:46:01","--","--"
Treadmill Running,2020-08-25 14:44:20,false,"ריצה בהליכון","10.02","484","00:48:41","140","164","3.2","159","182","4:52","3:23","--","--","1.29","--","--","--","--","--","0.0","--","--","26.0","No","00:00:29.0","11","31.0","00:48:09","00:48:41","--","--"
Treadmill Running,2020-08-21 11:38:38,false,"ריצה בהליכון","6.29","370","00:30:45","159","186","3.9","161","176","4:54","4:00","--","--","1.27","--","--","--","--","--","0.0","--","--","26.0","No","00:01:21.7","7","32.0","00:30:19","00:30:45","--","--"
Treadmill Running,2020-08-15 11:04:46,false,"ריצה בהליכון","5.04","237","00:26:07","132","163","2.6","156","182","5:11","3:53","--","--","1.22","--","--","--","--","--","0.0","--","--","26.0","No","00:00:10.7","6","32.0","00:25:41","00:26:07","--","--"
Treadmill Running,2020-08-13 17:13:54,false,"ריצה בהליכון","5.02","294","00:26:39","148","167","3.1","152","182","5:18","3:06","--","--","1.22","--","--","--","--","--","0.0","--","--","25.0","No","00:04:39.6","5","30.0","00:25:41","00:26:39","--","--"
Treadmill Running,2020-08-06 15:49:47,false,"ריצה בהליכון","10.01","598","00:51:05","159","185","4.6","157","182","5:06","3:44","--","--","1.25","--","--","--","--","--","0.0","--","--","26.0","No","00:00:01.9","11","29.0","00:50:44","00:51:05","--","--"
Treadmill Running,2020-08-03 18:04:48,false,"ריצה בהליכון","6.18","380","00:31:08","157","184","3.9","157","169","5:02","4:05","--","--","1.27","--","--","--","--","--","0.0","--","--","27.0","No","00:01:07.3","7","31.0","00:30:51","00:31:08","--","--"
Treadmill Running,2020-07-06 16:23:40,false,"ריצה בהליכון","10.03","468","00:49:11","138","157","3.1","159","179","4:54","3:13","--","--","1.29","--","--","--","--","--","0.0","--","--","25.0","No","00:00:37.2","11","31.0","00:48:50","00:49:11","--","--"
Treadmill Running,2020-06-29 14:47:29,false,"ריצה בהליכון","5.00","249","00:24:00","140","161","2.5","161","177","4:48","3:20","--","--","1.29","--","--","--","--","--","0.0","--","--","24.0","No","00:00:01.2","6","28.0","00:23:58","00:24:00","--","--"
Treadmill Running,2020-06-26 09:44:42,false,"ריצה בהליכון","7.04","382","00:34:17","148","170","3.4","161","181","4:52","2:09","--","--","2.02","--","--","--","--","--","0.0","--","--","26.0","No","00:00:32.1","12","31.0","00:34:10","00:34:17","--","--"
Treadmill Running,2020-06-24 19:03:22,false,"ריצה בהליכון","5.07","246","00:24:46","142","177","3.0","141","171","4:53","2:52","--","--","1.43","--","--","--","--","--","0.0","--","--","26.0","No","00:00:15.9","6","29.0","00:23:45","00:24:46","--","--"
Treadmill Running,2020-06-14 19:12:32,false,"ריצה בהליכון","5.70","293","00:25:59","148","174","3.1","153","178","4:33","3:29","--","--","1.42","--","--","--","--","--","0.0","--","--","27.0","No","00:02:49.4","6","31.0","00:25:56","00:25:59","--","--"
Treadmill Running,2020-06-10 19:11:01,false,"ריצה בהליכון","5.81","325","00:32:21","141","175","3.0","134","171","5:34","3:04","--","--","1.33","--","--","--","--","--","0.0","--","--","28.0","No","00:03:21.1","6","30.0","00:31:18","00:32:21","--","--"
Treadmill Running,2020-06-06 12:26:19,false,"ריצה בהליכון","5.29","289","00:24:26","159","179","3.5","151","173","4:37","3:10","--","--","1.43","--","--","--","--","--","0.0","--","--","28.0","No","00:01:44.9","6","31.0","00:24:11","00:24:26","--","--"
Treadmill Running,2020-06-01 20:47:26,false,"Treadmill Running","6.15","252","00:44:49","111","147","1.5","113","147","7:17","5:07","--","--","1.21","--","--","--","--","--","0.0","--","--","25.0","No","00:01:05.0","7","28.0","00:42:38","00:44:49","--","--"
Treadmill Running,2020-02-29 13:25:20,false,"Treadmill Running","7.98","476","00:38:22","158","180","4.0","163","176","4:49","2:51","--","--","1.58","--","--","--","--","--","0.0","--","--","22.0","No","00:03:20.0","10","29.0","00:38:21","00:38:22","--","--"
Treadmill Running,2020-02-23 18:28:06,false,"Treadmill Running","5.85","263","00:27:27","136","157","2.6","145","175","4:41","3:54","--","--","1.18","--","--","--","--","--","0.0","--","--","25.0","No","00:04:39.4","5","27.0","00:25:28","00:27:27","--","--"
Treadmill Running,2020-02-17 07:35:20,false,"Treadmill Running","5.02","273","00:22:56","153","182","3.4","165","181","4:34","3:37","--","--","1.40","--","--","--","--","--","0.0","--","--","22.0","No","00:01:13.8","6","25.0","00:22:38","00:22:56","--","--"
Treadmill Running,2020-01-18 08:27:29,false,"Treadmill Running","14.06","682","01:02:59","146","168","3.9","168","179","4:29","3:20","--","--","1.33","--","--","--","--","--","0.0","--","--","22.0","No","00:00:15.4","15","28.0","01:02:42","01:03:49","--","--"
Treadmill Running,2020-01-17 09:35:19,false,"Treadmill Running","8.28","380","00:38:34","138","153","2.7","165","183","4:39","3:46","--","--","1.30","--","--","--","--","--","0.0","--","--","23.0","No","00:01:23.3","9","27.0","00:38:17","00:38:34","--","--"
Treadmill Running,2020-01-10 09:54:47,false,"Treadmill Running","10.01","511","00:45:34","148","167","3.7","165","180","4:33","3:12","--","--","1.33","--","--","--","--","--","0.0","--","--","23.0","No","00:00:01.5","11","27.0","00:45:32","00:45:34","--","--"
Treadmill Running,2020-01-03 10:23:54,false,"Treadmill Running","12.02","641","00:56:59","153","170","3.6","161","182","4:44","3:28","--","--","1.29","--","--","--","--","--","0.0","--","--","24.0","No","00:03:47.9","12","27.0","00:56:40","00:57:09","--","--"
Treadmill Running,2019-12-31 09:11:10,false,"Treadmill Running","5.02","199","00:22:37","128","147","2.1","162","184","4:30","3:21","--","--","1.36","--","--","--","--","--","0.0","--","--","24.0","No","00:00:08.4","6","26.0","00:22:18","00:22:37","--","--"
Treadmill Running,2019-12-29 18:43:21,false,"Treadmill Running","9.85","328","00:43:24","125","143","1.8","166","178","4:24","3:27","--","--","1.34","--","--","--","--","--","0.0","--","--","26.0","No","00:02:51.6","10","29.0","00:43:19","00:43:24","--","--"
Treadmill Running,2019-12-26 09:48:15,false,"Treadmill Running","5.40","258","00:25:10","137","160","2.6","164","179","4:40","4:08","--","--","1.25","--","--","--","--","--","0.0","--","--","25.0","No","00:00:41.6","6","26.0","00:24:56","00:25:10","--","--"
Treadmill Running,2019-12-24 18:25:28,false,"Treadmill Running","5.02","197","00:26:23","120","145","1.5","156","175","5:15","4:04","--","--","1.21","--","--","--","--","--","0.0","--","--","27.0","No","00:00:08.0","6","30.0","00:26:17","00:26:23","--","--"
Treadmill Running,2019-12-22 19:10:05,false,"Treadmill Running","5.68","257","00:28:09","130","153","2.3","160","177","4:57","4:04","--","--","1.26","--","--","--","--","--","0.0","--","--","26.0","No","00:03:24.2","6","27.0","00:27:39","00:28:09","--","--"
Treadmill Running,2019-12-20 09:06:38,false,"Treadmill Running","12.00","711","00:58:37","156","188","4.3","166","184","4:53","3:31","--","--","1.33","--","--","--","--","--","0.0","--","--","23.0","No","00:04:18.6","13","27.0","00:58:28","00:58:37","--","--"
Treadmill Running,2019-12-19 16:49:08,false,"Treadmill Running","7.30","350","00:36:56","135","162","2.8","156","176","5:03","3:50","--","--","1.25","--","--","--","--","--","0.0","--","--","27.0","No","00:03:15.5","8","29.0","00:36:23","00:36:56","--","--"
Treadmill Running,2019-12-13 10:20:28,false,"Treadmill Running","6.61","369","00:31:27","150","174","3.3","162","178","4:45","5:32","--","--","0.90","--","--","--","--","--","0.0","--","--","23.0","No","00:04:27.5","5","25.0","00:31:21","00:31:27","--","--"
Treadmill Running,2019-12-10 09:33:38,false,"Treadmill Running","10.07","459","00:45:14","139","161","3.0","164","184","4:30","4:33","--","--","0.97","--","--","--","--","--","0.0","--","--","24.0","No","00:01:46.8","8","28.0","00:44:50","00:45:14","--","--"
Treadmill Running,2019-12-07 12:59:36,false,"Treadmill Running","11.40","576","00:54:07","145","165","3.2","163","180","4:45","4:56","--","--","1.02","--","--","--","--","--","0.0","--","--","25.0","No","00:00:07.8","10","28.0","00:53:37","00:54:07","--","--"
Treadmill Running,2019-12-06 12:38:56,false,"Treadmill Running","10.04","423","00:44:21","135","152","2.6","164","190","4:25","4:32","--","--","1.01","--","--","--","--","--","0.0","--","--","24.0","No","00:01:50.9","8","27.0","00:43:51","00:44:22","--","--"
Treadmill Running,2019-12-01 17:57:25,false,"Treadmill Running","9.92","505","00:44:54","148","164","3.4","164","190","4:32","4:51","--","--","0.91","--","--","--","--","--","0.0","--","--","28.0","No","00:04:15.8","7","30.0","00:44:21","00:44:54","--","--"
Treadmill Running,2019-11-30 08:55:04,false,"Treadmill Running","5.15","292","00:24:38","151","166","3.1","155","188","4:47","2:47","--","--","0.83","--","--","--","--","--","0.0","--","--","26.0","No","00:01:09.1","4","27.0","00:23:33","00:24:38","--","--"
Treadmill Running,2019-11-28 09:00:17,false,"Treadmill Running","12.40","604","00:55:32","146","163","3.3","167","180","4:29","5:27","--","--","0.87","--","--","--","--","--","0.0","--","--","24.0","No","00:00:35.8","9","28.0","00:55:31","00:55:32","--","--"
Treadmill Running,2019-11-24 17:46:06,false,"Treadmill Running","5.01","222","00:21:02","139","161","2.4","170","181","4:12","4:49","--","--","0.96","--","--","--","--","--","0.0","--","--","25.0","No","00:02:52.3","4","27.0","00:21:01","00:21:02","--","--"
Treadmill Running,2019-11-23 09:17:46,false,"Treadmill Running","11.04","620","00:50:05","157","171","3.9","167","184","4:32","5:30","--","--","0.91","--","--","--","--","--","0.0","--","--","24.0","No","00:04:07.2","8","29.0","00:50:03","00:50:05","--","--"
Treadmill Running,2019-11-21 16:22:11,false,"Treadmill Running","7.20","381","00:32:12","151","169","3.3","169","186","4:28","4:31","--","--","0.95","--","--","--","--","--","0.0","--","--","26.0","No","00:01:05.6","6","28.0","00:32:02","00:32:12","--","--"
Treadmill Running,2019-11-17 17:52:29,false,"Treadmill Running","10.02","537","00:46:11","152","173","3.7","167","193","4:37","4:13","--","--","1.00","--","--","--","--","--","0.0","--","--","25.0","No","00:04:23.5","8","28.0","00:45:54","00:46:11","--","--"
Treadmill Running,2019-11-16 09:10:34,false,"Treadmill Running","10.01","517","00:46:42","147","162","3.3","166","190","4:40","4:11","--","--","0.99","--","--","--","--","--","0.0","--","--","25.0","No","00:03:55.2","8","28.0","00:45:56","00:46:42","--","--"
Treadmill Running,2019-11-14 19:39:35,false,"Treadmill Running","5.62","311","00:27:02","149","162","3.1","165","180","4:49","4:48","--","--","1.03","--","--","--","--","--","0.0","--","--","28.0","No","00:03:43.5","5","30.0","00:27:01","00:27:02","--","--"
Treadmill Running,2019-11-08 10:24:59,false,"Treadmill Running","10.03","453","00:47:20","137","167","2.6","167","188","4:43","2:53","--","--","1.09","--","--","--","--","--","0.0","--","--","24.0","No","00:03:30.2","9","28.0","00:46:23","00:47:20","--","--"
Treadmill Running,2019-11-07 16:31:44,false,"Treadmill Running","6.80","327","00:45:07","123","147","1.8","137","182","6:38","3:24","--","--","0.90","--","--","--","--","--","0.0","--","--","24.0","No","00:04:34.6","6","28.0","00:42:05","00:45:07","--","--"
Treadmill Running,2019-11-05 19:27:27,false,"Treadmill Running","5.00","188","00:22:55","125","141","1.5","165","182","4:35","4:30","--","--","1.12","--","--","--","--","--","0.0","--","--","26.0","No","00:01:17.8","5","28.0","00:22:48","00:22:55","--","--"
Treadmill Running,2019-11-03 19:32:11,false,"Treadmill Running","5.20","245","00:22:15","145","163","2.8","164","179","4:17","4:25","--","--","1.12","--","--","--","--","--","0.0","--","--","27.0","No","00:00:31.5","5","29.0","00:22:03","00:22:15","--","--"
Treadmill Running,2019-11-01 10:44:26,false,"Treadmill Running","10.01","585","00:48:33","157","180","4.2","166","180","4:51","4:21","--","--","1.12","--","--","--","--","--","0.0","--","--","26.0","No","00:00:04.0","10","29.0","00:48:32","00:48:33","--","--"
Treadmill Running,2019-10-29 18:15:29,false,"Treadmill Running","7.43","395","00:33:55","154","171","3.6","166","178","4:34","3:53","--","--","1.19","--","--","--","--","--","0.0","--","--","25.0","No","00:03:36.5","7","28.0","00:33:51","00:33:55","--","--"
Treadmill Running,2019-10-27 19:08:02,false,"Treadmill Running","7.15","377","00:35:30","146","170","3.3","159","176","4:58","3:43","--","--","1.17","--","--","--","--","--","0.0","--","--","25.0","No","00:04:41.2","7","28.0","00:35:02","00:35:30","--","--"
Treadmill Running,2019-10-26 10:56:44,false,"Treadmill Running","6.10","341","00:30:18","150","168","3.6","170","182","4:58","3:24","--","--","1.30","--","--","--","--","--","0.0","--","--","26.0","No","00:03:12.2","7","28.0","00:30:03","00:30:18","--","--"
Treadmill Running,2019-10-12 14:40:42,false,"Treadmill Running","6.04","289","00:26:25","150","166","3.8","167","187","4:22","2:55","--","--","1.37","--","--","--","--","--","0.0","--","--","25.0","No","00:00:22.6","7","28.0","00:26:05","00:26:25","--","--"
Treadmill Running,2019-10-07 20:01:50,false,"Treadmill Running","6.80","329","00:31:33","145","170","3.9","162","176","4:39","3:46","--","--","1.33","--","--","--","--","--","0.0","--","--","27.0","No","00:03:42.5","7","29.0","00:31:05","00:31:33","--","--"
Treadmill Running,2019-10-01 12:02:33,false,"Treadmill Running","5.04","230","00:32:33","122","151","2.3","137","178","6:28","3:31","--","--","1.11","--","--","--","--","--","0.0","--","--","26.0","No","00:00:10.1","6","30.0","00:31:04","00:32:33","--","--"
Running,2019-09-12 21:10:10,false,"Running","10.03","560","00:54:46","157","184","4.6","153","248","5:28","3:18","45","38","1.15","--","--","--","--","--","0.0","--","--","28.0","No","00:04:27.1","10","32.0","00:54:40","00:54:46","-176","-163"
Treadmill Running,2019-08-20 20:33:23,false,"Treadmill Running","5.78","290","00:26:50","158","180","3.3","162","178","4:39","3:36","--","--","1.33","--","--","--","--","--","0.0","--","--","28.0","No","00:03:34.1","6","30.0","00:26:35","00:26:50","--","--"
Treadmill Running,2019-08-05 16:23:37,false,"Treadmill Running","5.21","252","00:24:49","150","164","2.9","166","180","4:46","3:49","--","--","1.26","--","--","--","--","--","0.0","--","--","26.0","No","00:01:23.0","6","28.0","00:24:43","00:25:02","--","--"
Treadmill Running,2019-08-03 12:16:28,false,"Treadmill Running","8.62","612","00:42:55","158","181","4.1","163","186","4:59","3:59","--","--","1.23","--","--","--","--","--","0.0","--","--","26.0","No","00:01:11.5","10","30.0","00:42:25","00:42:55","--","--"
Treadmill Running,2019-07-27 15:17:05,false,"Treadmill Running","10.01","569","00:47:26","165","182","5.0","165","226","4:44","3:57","--","--","1.28","--","--","--","--","--","0.0","--","--","27.0","No","00:00:01.2","11","29.0","00:47:13","00:47:26","--","--"
Treadmill Running,2019-07-25 16:44:41,false,"Treadmill Running","10.00","540","00:47:19","158","181","4.6","166","182","4:44","4:02","--","--","1.27","--","--","--","--","--","0.0","--","--","27.0","No","00:04:37.1","10","30.0","00:47:11","00:47:19","--","--"
Treadmill Running,2019-07-23 19:45:37,false,"Treadmill Running","6.01","329","00:29:33","155","178","3.7","161","182","4:55","4:10","--","--","1.26","--","--","--","--","--","0.0","--","--","26.0","No","00:00:01.6","7","29.0","00:29:14","00:29:33","--","--"
Treadmill Running,2019-07-22 18:42:33,false,"Treadmill Running","6.46","340","00:31:35","150","177","3.7","160","177","4:53","4:19","--","--","1.27","--","--","--","--","--","0.0","--","--","26.0","No","00:02:35.1","7","29.0","00:31:15","00:31:35","--","--"
Treadmill Running,2019-07-20 13:45:13,false,"Treadmill Running","6.04","327","00:29:31","154","178","4.1","160","184","4:53","4:01","--","--","1.28","--","--","--","--","--","0.0","--","--","25.0","No","00:00:11.5","7","31.0","00:29:11","00:29:31","--","--"
Treadmill Running,2019-07-18 21:07:51,false,"Treadmill Running","5.57","308","00:28:44","149","170","3.7","149","178","5:09","3:08","--","--","1.07","--","--","--","--","--","0.0","--","--","25.0","No","00:03:06.1","5","29.0","00:27:51","00:28:44","--","--"
Running,2019-06-11 19:21:36,false,"Running","5.49","373","00:41:11","140","163","3.3","141","172","7:30","4:26","36","29","0.95","--","--","--","--","--","0.0","--","--","29.0","No","00:01:04.5","7","32.0","00:39:37","00:44:03","88","115"
Treadmill Running,2019-05-17 11:31:34,false,"Treadmill Running","10.12","505","00:47:56","154","180","4.2","152","182","4:44","3:18","--","--","1.38","--","--","--","--","--","0.0","--","--","24.0","No","00:00:29.4","11","29.0","00:45:28","00:47:56","--","--"
Treadmill Running,2019-05-15 14:38:08,false,"Treadmill Running","6.30","262","00:28:00","137","163","3.1","156","173","4:26","3:30","--","--","1.44","--","--","--","--","--","0.0","--","--","25.0","No","00:01:20.4","7","28.0","00:26:33","00:28:00","--","--"
Treadmill Running,2019-05-05 11:37:03,false,"Treadmill Running","5.44","268","00:23:40","159","175","4.0","159","173","4:21","3:25","--","--","1.44","--","--","--","--","--","0.0","--","--","26.0","No","00:01:57.2","6","29.0","00:23:08","00:23:40","--","--"
Treadmill Running,2019-04-22 14:31:04,false,"Treadmill Running","6.40","337","00:29:57","159","178","4.7","159","188","4:41","3:15","--","--","1.34","--","--","--","--","--","0.0","--","--","25.0","No","00:01:50.0","7","28.0","00:29:08","00:29:57","--","--"
Treadmill Running,2019-04-20 11:19:24,false,"Treadmill Running","10.06","519","00:50:44","151","182","5.0","152","190","5:03","2:30","--","--","1.22","--","--","--","--","--","0.0","--","--","23.0","No","00:03:34.7","10","27.0","00:48:51","00:52:48","--","--"
Treadmill Running,2019-03-15 11:43:17,false,"Treadmill Running","7.11","393","00:35:00","152","180","3.9","158","179","4:56","3:51","--","--","1.28","--","--","--","--","--","0.0","--","--","26.0","No","00:00:34.3","8","29.0","00:33:17","00:35:00","--","--"
Treadmill Running,2019-03-02 10:45:50,false,"Treadmill Running","10.25","609","00:49:21","162","187","5.0","162","180","4:49","3:15","--","--","1.41","--","--","--","--","--","0.0","--","--","23.0","No","00:01:11.1","12","29.0","00:48:27","00:49:21","--","--"
Treadmill Running,2019-02-23 11:36:27,false,"Treadmill Running","10.56","581","00:52:08","153","183","3.8","151","249","4:56","3:03","--","--","1.32","--","--","--","--","--","0.0","--","--","22.0","No","00:00:07.0","12","28.0","00:49:02","00:52:15","--","--"
Treadmill Running,2019-02-20 14:02:05,false,"Treadmill Running","5.00","248","00:21:24","152","171","3.1","158","169","4:17","3:39","--","--","1.38","--","--","--","--","--","0.0","--","--","23.0","No","00:04:25.2","5","25.0","00:20:57","00:21:24","--","--"
Treadmill Running,2019-02-15 10:55:01,false,"Treadmill Running","10.53","563","00:47:59","154","183","4.4","163","183","4:33","3:21","--","--","1.35","--","--","--","--","--","0.0","--","--","24.0","No","00:04:13.1","11","28.0","00:46:41","00:47:59","--","--"
Treadmill Running,2019-02-09 11:06:35,false,"Treadmill Running","10.71","652","00:50:04","164","184","5.0","162","187","4:40","3:07","--","--","1.32","--","--","--","--","--","0.0","--","--","25.0","No","00:04:27.8","11","27.0","00:48:45","00:50:04","--","--"
Treadmill Running,2019-02-05 16:54:26,false,"Treadmill Running","5.28","379","00:34:51","149","172","3.1","138","184","6:36","3:40","--","--","1.08","--","--","--","--","--","0.0","--","--","23.0","No","00:04:35.6","6","27.0","00:32:18","00:34:51","--","--"
Treadmill Running,2019-02-01 11:04:45,false,"Treadmill Running","6.90","397","00:32:10","156","180","3.8","160","184","4:40","3:19","--","--","1.34","--","--","--","--","--","0.0","--","--","22.0","No","00:04:29.1","7","26.0","00:31:44","00:32:10","--","--"
Treadmill Running,2019-01-29 11:07:52,false,"Treadmill Running","5.50","341","00:26:36","162","182","3.8","160","175","4:50","3:50","--","--","1.29","--","--","--","--","--","0.0","--","--","21.0","No","--:--:--","6","25.0","00:26:06","00:26:36","--","--"
Treadmill Running,2019-01-22 10:40:52,false,"Treadmill Running","5.47","282","00:28:40","135","160","2.6","153","197","5:14","3:00","--","--","1.24","--","--","--","--","--","0.0","--","--","22.0","No","--:--:--","6","28.0","00:27:45","00:29:33","--","--"
Treadmill Running,2019-01-21 10:56:39,false,"Treadmill Running","5.46","323","00:27:26","151","178","3.4","154","182","5:02","3:27","--","--","1.28","--","--","--","--","--","0.0","--","--","22.0","No","--:--:--","6","27.0","00:26:17","00:27:26","--","--"
Treadmill Running,2019-01-19 10:39:31,false,"Treadmill Running","5.48","310","00:25:16","156","176","3.5","162","180","4:37","3:18","--","--","1.34","--","--","--","--","--","0.0","--","--","20.0","No","--:--:--","6","26.0","00:25:00","00:25:16","--","--"
Treadmill Running,2019-01-14 08:44:24,false,"Treadmill Running","5.06","299","00:24:59","152","173","3.3","156","178","4:56","3:18","--","--","1.29","--","--","--","--","--","0.0","--","--","20.0","No","--:--:--","6","24.0","00:24:41","00:24:59","--","--"
Treadmill Running,2019-01-06 10:52:32,false,"Treadmill Running","5.01","272","00:22:42","152","174","3.4","160","177","4:32","3:01","--","--","1.58","--","--","--","--","--","0.0","--","--","20.0","No","--:--:--","6","26.0","00:22:22","00:22:42","--","--"
Treadmill Running,2019-01-02 08:30:19,false,"Treadmill Running","5.08","246","00:22:24","144","168","3.0","151","180","4:25","2:53","--","--","1.49","--","--","--","--","--","0.0","--","--","21.0","No","--:--:--","6","28.0","00:21:18","00:22:24","--","--"
Running,2018-11-02 06:45:12,false,"Running","10.02","565","00:50:12","148","180","4.2","161","187","5:00","1:44","44","49","1.24","--","--","--","--","--","0.0","--","--","23.0","No","--:--:--","11","30.0","00:50:09","00:50:12","-11","6"
Treadmill Running,2018-10-27 11:34:20,false,"Treadmill Running","5.47","355","00:27:51","162","186","4.2","158","178","5:05","3:22","--","--","1.24","--","--","--","--","--","0.0","--","--","25.0","No","--:--:--","6","28.0","00:27:44","00:27:51","--","--"
Treadmill Running,2018-10-20 12:09:26,false,"Treadmill Running","10.20","650","00:50:10","165","183","5.0","161","180","4:55","2:28","--","--","1.57","--","--","--","--","--","0.0","--","--","26.0","No","--:--:--","13","31.0","00:50:02","00:50:10","--","--"
Running,2018-10-12 18:34:20,false,"Running","5.19","360","00:31:38","150","169","3.6","147","244","6:05","2:31","10","12","1.11","--","--","--","--","--","0.0","--","--","28.0","No","--:--:--","7","30.0","00:31:34","00:31:54","228","238"
Treadmill Running,2018-09-27 15:22:30,false,"Treadmill Running","5.78","289","00:25:44","147","164","3.2","157","178","4:27","2:23","--","--","1.43","--","--","--","--","--","0.0","--","--","26.0","No","--:--:--","6","31.0","00:25:05","00:25:44","--","--"
Treadmill Running,2018-09-15 11:17:33,false,"Treadmill Running","11.30","619","00:50:37","159","175","4.5","165","180","4:29","2:29","--","--","1.35","--","--","--","--","--","0.0","--","--","25.0","No","--:--:--","12","30.0","00:50:28","00:50:37","--","--"
Treadmill Running,2018-09-10 10:45:34,false,"Treadmill Running","7.94","483","00:42:03","156","187","4.1","152","173","5:18","2:36","--","--","1.15","--","--","--","--","--","0.0","--","--","26.0","No","--:--:--","9","29.0","00:41:11","00:42:04","--","--"
Treadmill Running,2018-08-30 19:09:14,false,"ריצה במכשיר ריצה","10.00","539","00:45:36","155","184","4.1","162","184","4:34","3:09","--","--","0.91","--","--","--","--","--","0.0","--","--","27.0","No","--:--:--","7","31.0","00:44:37","00:45:36","--","--"
Running,2018-08-27 15:57:08,false,"Irvine ריצה","6.52","447","00:54:21","135","164","2.6","114","235","8:21","1:56","41","37","1.06","--","--","--","--","--","0.0","--","--","24.0","No","--:--:--","7","28.0","03:48:50","00:54:21","-312","-296"
Treadmill Running,2018-08-27 14:21:05,false,"ריצה במכשיר ריצה","10.04","527","00:45:49","152","170","3.7","162","180","4:34","2:55","--","--","1.35","--","--","--","--","--","0.0","--","--","26.0","No","--:--:--","11","29.0","00:45:19","00:45:49","--","--"
Treadmill Running,2018-08-23 12:48:20,false,"ריצה במכשיר ריצה","7.54","382","00:33:36","148","169","3.4","167","190","4:27","2:44","--","--","1.34","--","--","--","--","--","0.0","--","--","25.0","No","--:--:--","8","27.0","00:33:12","00:33:36","--","--"
Treadmill Running,2018-08-22 14:14:49,false,"ריצה במכשיר ריצה","6.72","344","00:35:02","141","171","3.0","153","195","5:13","3:05","--","--","1.23","--","--","--","--","--","0.0","--","--","25.0","No","--:--:--","7","28.0","00:33:08","00:35:02","--","--"
Treadmill Running,2018-08-14 19:17:48,false,"ריצה במכשיר ריצה","12.10","645","00:56:51","153","172","4.0","158","232","4:42","2:36","--","--","1.34","--","--","--","--","--","0.0","--","--","25.0","No","--:--:--","13","28.0","00:56:08","00:56:51","--","--"
Treadmill Running,2018-08-11 11:35:44,false,"ריצה במכשיר ריצה","10.01","536","00:44:59","157","175","4.1","163","238","4:30","3:16","--","--","1.36","--","--","--","--","--","0.0","--","--","27.0","No","--:--:--","11","30.0","00:44:13","00:45:00","--","--"
Treadmill Running,2018-08-08 17:59:04,false,"ריצה במכשיר ריצה","9.49","519","00:49:33","146","169","3.3","157","250","5:13","2:46","--","--","1.22","--","--","--","--","--","0.0","--","--","25.0","No","--:--:--","10","28.0","00:48:36","00:50:40","--","--"
Treadmill Running,2018-08-07 19:11:15,false,"ריצה במכשיר ריצה","6.68","376","00:35:29","145","164","3.1","158","177","5:19","3:54","--","--","1.19","--","--","--","--","--","0.0","--","--","25.0","No","--:--:--","7","28.0","00:34:47","00:35:29","--","--"
Treadmill Running,2018-08-02 19:43:04,false,"ריצה במכשיר ריצה","10.28","663","01:01:46","145","163","3.5","158","181","6:00","3:10","--","--","1.05","--","--","--","--","--","0.0","--","--","26.0","No","--:--:--","11","30.0","01:00:30","01:01:53","--","--"
Treadmill Running,2018-07-29 18:36:10,false,"ריצה במכשיר ריצה","8.74","636","00:55:53","151","173","4.0","158","180","6:23","4:05","--","--","0.99","--","--","--","--","--","0.0","--","--","26.0","No","--:--:--","9","30.0","00:54:47","00:55:53","--","--"
Treadmill Running,2018-07-25 16:09:33,false,"ריצה במכשיר ריצה","8.55","588","00:50:22","155","179","4.0","158","197","5:54","2:57","--","--","1.07","--","--","--","--","--","0.0","--","--","27.0","No","--:--:--","9","32.0","00:49:20","00:50:22","--","--"
Treadmill Running,2018-07-21 13:41:19,false,"ריצה במכשיר ריצה","8.56","557","00:50:13","148","181","3.5","158","184","5:52","2:30","--","--","1.07","--","--","--","--","--","0.0","--","--","25.0","No","--:--:--","9","30.0","00:49:04","00:50:32","--","--"
Treadmill Running,2018-07-17 18:11:45,false,"ריצה במכשיר ריצה","8.28","555","00:50:06","151","184","4.1","149","183","6:03","3:16","--","--","1.09","--","--","--","--","--","0.0","--","--","26.0","No","--:--:--","9","31.0","00:46:46","00:50:06","--","--"
Treadmill Running,2018-07-11 15:24:10,false,"ריצה במכשיר ריצה","9.74","619","00:54:03","149","181","4.2","156","218","5:33","2:59","--","--","1.15","--","--","--","--","--","0.0","--","--","25.0","No","--:--:--","10","31.0","00:52:46","00:54:03","--","--"
Treadmill Running,2018-07-09 19:22:30,false,"ריצה במכשיר ריצה","6.24","438","00:35:50","156","174","3.8","155","173","5:44","3:53","--","--","1.12","--","--","--","--","--","0.0","--","--","25.0","No","--:--:--","7","28.0","00:35:36","00:35:50","--","--"
Treadmill Running,2018-06-30 13:49:52,false,"ריצה במכשיר ריצה","9.47","684","00:54:38","158","182","5.0","154","177","5:46","2:49","--","--","1.12","--","--","--","--","--","0.0","--","--","24.0","No","--:--:--","10","29.0","00:52:50","00:54:38","--","--"
Treadmill Running,2018-06-25 20:09:23,false,"ריצה במכשיר ריצה","8.42","630","00:56:21","152","176","4.2","151","245","6:41","3:41","--","--","0.98","--","--","--","--","--","0.0","--","--","25.0","No","--:--:--","9","28.0","00:55:21","00:56:21","--","--"
Treadmill Running,2018-06-21 20:06:39,false,"ריצה במכשיר ריצה","7.87","641","00:57:54","150","182","4.0","147","187","7:21","3:10","--","--","0.92","--","--","--","--","--","0.0","--","--","24.0","No","--:--:--","8","29.0","00:56:03","00:57:54","--","--"
Treadmill Running,2018-06-15 15:44:40,false,"ריצה במכשיר ריצה","5.38","512","00:39:37","162","181","4.3","152","173","7:22","3:15","--","--","0.89","--","--","--","--","--","0.0","--","--","25.0","No","--:--:--","6","28.0","00:39:06","00:39:38","--","--"
Treadmill Running,2018-06-05 18:38:38,false,"ריצה במכשיר ריצה","8.69","644","00:59:40","147","172","3.6","150","179","6:52","2:39","--","--","0.97","--","--","--","--","--","0.0","--","--","25.0","No","--:--:--","9","28.0","00:57:33","00:59:42","--","--"
Treadmill Running,2018-06-02 14:13:46,false,"ריצה במכשיר ריצה","8.21","664","00:55:50","150","184","4.1","152","193","6:48","2:51","--","--","0.97","--","--","--","--","--","0.0","--","--","24.0","No","--:--:--","9","29.0","00:54:25","00:55:50","--","--"
Treadmill Running,2018-05-30 19:51:28,false,"ריצה במכשיר ריצה","7.54","636","00:52:48","153","177","4.0","151","193","7:00","3:45","--","--","0.94","--","--","--","--","--","0.0","--","--","25.0","No","--:--:--","8","28.0","00:51:04","00:52:49","--","--"
Treadmill Running,2018-05-26 10:23:45,false,"ריצה במכשיר ריצה","6.12","547","00:42:49","157","179","4.2","151","175","7:00","4:17","--","--","0.95","--","--","--","--","--","0.0","--","--","25.0","No","--:--:--","7","29.0","00:41:38","00:42:49","--","--"
Treadmill Running,2018-05-23 19:38:51,false,"ריצה במכשיר ריצה","6.50","586","00:47:01","153","172","4.0","148","173","7:14","4:39","--","--","0.93","--","--","--","--","--","0.0","--","--","25.0","No","--:--:--","7","30.0","00:45:40","00:47:01","--","--"
Treadmill Running,2018-05-17 17:48:07,false,"ריצה במכשיר ריצה","8.15","639","00:55:18","145","173","3.8","150","175","6:47","3:53","--","--","0.98","--","--","--","--","--","0.0","--","--","24.0","No","--:--:--","9","29.0","00:53:44","00:55:18","--","--"
Treadmill Running,2018-05-12 12:51:15,false,"ריצה במכשיר ריצה","8.87","767","01:05:27","154","180","4.2","151","177","7:23","4:20","--","--","0.90","--","--","--","--","--","0.0","--","--","24.0","No","--:--:--","9","28.0","01:05:14","01:06:29","--","--"
Treadmill Running,2018-05-03 19:24:39,false,"ריצה במכשיר ריצה","8.99","799","01:05:58","151","171","4.4","152","173","7:20","3:39","--","--","0.90","--","--","--","--","--","0.0","--","--","25.0","No","--:--:--","9","29.0","01:05:20","01:07:11","--","--"
Treadmill Running,2018-04-22 20:02:08,false,"ריצה במכשיר ריצה","5.62","533","00:44:32","147","177","4.0","140","166","7:55","5:31","--","--","0.90","--","--","--","--","--","0.0","--","--","23.0","No","--:--:--","6","27.0","00:43:31","00:45:25","--","--"
Treadmill Running,2018-04-14 14:09:39,false,"ריצה במכשיר ריצה","7.66","759","00:55:52","159","186","5.0","149","169","7:17","4:38","--","--","0.92","--","--","--","--","--","0.0","--","--","23.0","No","--:--:--","8","29.0","00:55:31","00:55:52","--","--"
Treadmill Running,2018-04-07 14:03:38,false,"ריצה במכשיר ריצה","5.84","589","00:43:25","158","176","5.0","146","163","7:26","5:35","--","--","0.92","--","--","--","--","--","0.0","--","--","25.0","No","--:--:--","6","29.0","00:43:19","00:43:25","--","--"
